Time,COM Elapse,XQ-iMet-XQ Pressure,XQ-iMet-XQ Air Temperature,XQ-iMet-XQ Humidity,XQ-iMet-XQ Humidity Temp,XQ-iMet-XQ Date,XQ-iMet-XQ Time,XQ-iMet-XQ Longitude,XQ-iMet-XQ Latitude,XQ-iMet-XQ Altitude,XQ-iMet-XQ Sat Count,Profile hour,,
22:21.4,115.944,959.21,11.9,31.6,12.44,12/09/2023,11:18:08,7.1992122,61.6802821,420.182,5,11,ASCENT,
22:21.4,115.974,959.18,11.89,31.7,12.42,12/09/2023,11:18:09,7.1991918,61.6802673,419.24,5,11,,
22:21.4,115.99,959.02,11.87,31.8,12.39,12/09/2023,11:18:10,7.1991699,61.6802922,423.815,5,11,,
22:21.4,116.022,958.93,11.83,31.9,12.39,12/09/2023,11:18:11,7.1991635,61.6802882,422.997,5,11,ASCENT,ASCENT
22:21.5,116.038,958.88,11.85,31.9,12.38,12/09/2023,11:18:12,7.1991472,61.6802884,423.25,5,11,ASCENT,ASCENT
22:21.5,116.069,958.82,11.87,31.9,12.38,12/09/2023,11:18:13,7.1991358,61.6802946,424.461,5,11,ASCENT,ASCENT
22:21.5,116.101,958.74,11.88,32,12.39,12/09/2023,11:18:14,7.1991332,61.6802985,425.815,5,11,ASCENT,ASCENT
22:21.5,116.116,958.7,11.87,32.1,12.39,12/09/2023,11:18:15,7.1991432,61.6802833,427.614,5,11,ASCENT,ASCENT
22:21.6,116.148,958.67,11.9,32,12.41,12/09/2023,11:18:16,7.1991343,61.6802858,430.293,5,11,ASCENT,ASCENT
22:21.6,116.18,958.61,11.87,32.1,12.39,12/09/2023,11:18:17,7.1991456,61.6802912,432.214,5,11,ASCENT,ASCENT
22:21.6,116.196,958.54,11.82,32.1,12.38,12/09/2023,11:18:18,7.1991443,61.6802939,434.9,5,11,ASCENT,ASCENT
22:21.6,116.228,958.48,11.81,32.1,12.38,12/09/2023,11:18:19,7.1991481,61.6802941,435.92,5,11,ASCENT,ASCENT
22:21.7,116.259,958.41,11.78,32.2,12.35,12/09/2023,11:18:20,7.1991563,61.6802873,435.24,5,11,ASCENT,ASCENT
22:21.7,116.279,958.42,11.8,32.2,12.33,12/09/2023,11:18:21,7.1991533,61.6802934,435.365,5,11,ASCENT,ASCENT
22:21.7,116.312,958.34,11.77,32.2,12.31,12/09/2023,11:18:22,7.1991518,61.6802925,435.036,5,11,,
22:21.7,116.327,958.31,11.78,32.2,12.3,12/09/2023,11:18:23,7.1991459,61.6802882,434.239,5,11,,
22:21.8,116.359,958.27,11.79,32.2,12.3,12/09/2023,11:18:24,7.1991478,61.6802898,434.555,5,11,,
22:21.8,116.391,958.2,11.78,32.2,12.27,12/09/2023,11:18:25,7.1991475,61.6802836,435.25,5,11,ASCENT,ASCENT
22:21.8,116.407,958.15,11.78,32.2,12.27,12/09/2023,11:18:26,7.1991471,61.6802795,435.31,5,11,ASCENT,ASCENT
22:21.9,116.438,958.15,11.79,32.2,12.26,12/09/2023,11:18:27,7.199142,61.6802805,437.408,5,11,ASCENT,ASCENT
22:21.9,116.454,958.1,11.79,32.2,12.24,12/09/2023,11:18:28,7.1991535,61.680284,438.27,5,11,ASCENT,ASCENT
22:21.9,116.486,958.03,11.75,32.1,12.23,12/09/2023,11:18:29,7.1991496,61.6802998,440.397,5,11,ASCENT,ASCENT
22:21.9,116.518,957.96,11.73,32.2,12.21,12/09/2023,11:18:30,7.1991517,61.6803028,440.687,5,11,ASCENT,ASCENT
22:21.9,116.534,958.01,11.73,32.2,12.2,12/09/2023,11:18:31,7.19916,61.680316,444.454,5,11,ASCENT,ASCENT
22:22.0,116.566,957.97,11.75,32.2,12.2,12/09/2023,11:18:32,7.1991663,61.6803109,444.196,5,11,ASCENT,ASCENT
22:22.0,116.597,957.91,11.75,32.3,12.19,12/09/2023,11:18:33,7.1991656,61.6803098,444.993,5,11,ASCENT,ASCENT
22:22.0,116.613,957.85,11.77,32.3,12.2,12/09/2023,11:18:34,7.1991635,61.6803101,445.334,5,11,ASCENT,ASCENT
22:22.1,116.645,957.86,11.76,32.2,12.2,12/09/2023,11:18:35,7.1991669,61.6803089,445.189,5,11,ASCENT,ASCENT
22:22.1,116.678,957.85,11.79,32.2,12.19,12/09/2023,11:18:36,7.1991655,61.6803023,444.479,5,11,,
22:22.1,116.694,957.74,11.75,32.2,12.17,12/09/2023,11:18:37,7.1991742,61.6802995,445.822,5,11,ASCENT,ASCENT
22:22.1,116.727,957.78,11.76,32.2,12.17,12/09/2023,11:18:38,7.1991719,61.6802976,445.063,5,11,,
22:22.2,116.743,957.75,11.75,32.2,12.16,12/09/2023,11:18:39,7.19917,61.6803002,445.82,5,11,ASCENT,ASCENT
22:22.2,116.774,957.71,11.75,32.2,12.16,12/09/2023,11:18:40,7.1991641,61.6803,445.491,5,11,,
22:22.2,116.807,957.68,11.76,32.3,12.16,12/09/2023,11:18:41,7.1991586,61.6803022,446.444,5,11,ASCENT,ASCENT
22:22.2,116.824,957.59,11.76,32.3,12.15,12/09/2023,11:18:42,7.1991578,61.6803047,448.074,5,11,ASCENT,ASCENT
22:22.3,116.855,957.42,11.71,32.3,12.15,12/09/2023,11:18:43,7.1991617,61.6803085,450.249,5,11,ASCENT,ASCENT
22:22.3,116.871,957.28,11.76,32.2,12.16,12/09/2023,11:18:44,7.1991642,61.6803093,451.858,5,11,ASCENT,ASCENT
22:22.3,116.903,957.13,11.83,32.1,12.15,12/09/2023,11:18:45,7.199165,61.6803049,452.462,5,11,ASCENT,ASCENT
22:22.3,116.934,957.04,11.79,32.1,12.15,12/09/2023,11:18:46,7.1991673,61.6802993,452.706,5,11,ASCENT,ASCENT
22:22.4,116.956,956.9,11.79,32,12.15,12/09/2023,11:18:47,7.1991642,61.6802996,453.772,5,11,ASCENT,ASCENT
22:22.4,116.99,956.74,11.77,32.1,12.15,12/09/2023,11:18:48,7.1991594,61.6802959,454.486,5,11,ASCENT,ASCENT
22:22.4,117.006,956.61,11.81,32.1,12.15,12/09/2023,11:18:49,7.1991612,61.6802997,455.953,5,11,ASCENT,ASCENT
22:22.5,117.038,956.49,11.88,32.1,12.17,12/09/2023,11:18:50,7.1991666,61.6803032,457.53,5,11,ASCENT,ASCENT
22:22.5,117.054,956.31,11.88,32,12.2,12/09/2023,11:18:51,7.1991706,61.6803076,459.017,5,11,ASCENT,ASCENT
22:22.5,117.086,956.11,11.92,32,12.21,12/09/2023,11:18:52,7.1991729,61.68031,460.443,5,11,ASCENT,ASCENT
22:22.5,117.119,955.99,11.97,32,12.26,12/09/2023,11:18:53,7.199172,61.680305,461.021,5,11,ASCENT,ASCENT
22:22.6,117.135,955.85,11.92,31.9,12.28,12/09/2023,11:18:54,7.1991679,61.6803053,462.391,5,11,ASCENT,ASCENT
22:22.6,117.166,955.63,11.82,31.9,12.3,12/09/2023,11:18:55,7.1991744,61.6803103,464.998,5,11,ASCENT,ASCENT
22:22.6,117.199,955.6,11.83,31.8,12.31,12/09/2023,11:18:56,7.1991786,61.6803127,466.466,5,11,ASCENT,ASCENT
22:22.6,117.215,955.5,11.82,31.8,12.34,12/09/2023,11:18:57,7.1991788,61.6803139,467.101,5,11,ASCENT,ASCENT
22:22.7,117.246,955.26,11.86,31.8,12.38,12/09/2023,11:18:58,7.1991833,61.6803178,468.595,5,11,ASCENT,ASCENT
22:22.7,117.263,955.1,11.91,31.8,12.42,12/09/2023,11:18:59,7.1991851,61.6803158,469.418,5,11,ASCENT,ASCENT
22:22.7,117.295,954.93,11.93,31.8,12.46,12/09/2023,11:19:00,7.199185,61.6803146,470.244,5,11,ASCENT,ASCENT
22:22.7,117.328,954.86,11.88,31.7,12.48,12/09/2023,11:19:01,7.1991809,61.6803097,470.655,5,11,ASCENT,ASCENT
22:22.8,117.341,954.66,11.82,31.6,12.51,12/09/2023,11:19:02,7.1991816,61.6803037,470.226,5,11,ASCENT,ASCENT
22:22.8,117.373,954.64,11.84,31.6,12.52,12/09/2023,11:19:03,7.199182,61.68031,471.6,5,11,ASCENT,ASCENT
22:22.8,117.406,954.5,11.81,31.6,12.52,12/09/2023,11:19:04,7.1991822,61.6803126,472.008,5,11,ASCENT,ASCENT
22:22.8,117.43,954.43,11.79,31.7,12.52,12/09/2023,11:19:05,7.1991914,61.6803244,474.973,5,11,ASCENT,ASCENT
22:22.9,117.446,954.25,11.74,31.7,12.52,12/09/2023,11:19:06,7.1991878,61.6803264,475.158,5,11,ASCENT,ASCENT
22:22.9,117.478,954.15,11.64,31.7,12.49,12/09/2023,11:19:07,7.1991896,61.6803312,477.153,5,11,ASCENT,ASCENT
22:22.9,117.509,954.08,11.6,31.8,12.44,12/09/2023,11:19:08,7.1991872,61.6803319,477.762,5,11,ASCENT,ASCENT
22:22.9,117.525,954,11.64,31.8,12.42,12/09/2023,11:19:09,7.1991881,61.680333,478.49,5,11,ASCENT,ASCENT
22:23.0,117.556,953.84,11.67,31.8,12.42,12/09/2023,11:19:10,7.1991825,61.6803316,478.281,5,11,ASCENT,ASCENT
22:23.0,117.588,953.8,11.68,31.8,12.42,12/09/2023,11:19:11,7.1991837,61.6803372,479.855,5,11,ASCENT,ASCENT
22:23.0,117.604,953.79,11.69,31.8,12.42,12/09/2023,11:19:12,7.1991866,61.6803393,480.703,5,11,ASCENT,ASCENT
22:23.1,117.637,953.68,11.7,31.8,12.44,12/09/2023,11:19:13,7.1991898,61.680343,482.372,5,11,ASCENT,ASCENT
22:23.1,117.653,953.43,11.71,31.8,12.42,12/09/2023,11:19:14,7.1991963,61.6803427,483.57,5,11,ASCENT,ASCENT
22:23.1,117.685,953.22,11.81,31.8,12.42,12/09/2023,11:19:15,7.1992006,61.6803443,484.39,5,11,ASCENT,ASCENT
22:23.1,117.717,953.08,11.79,31.8,12.39,12/09/2023,11:19:16,7.1992029,61.6803473,485.69,5,11,ASCENT,ASCENT
22:23.2,117.745,953.11,11.7,31.8,12.38,12/09/2023,11:19:17,7.1992039,61.6803454,486.189,5,11,ASCENT,ASCENT
22:23.2,117.761,952.87,11.69,31.9,12.37,12/09/2023,11:19:18,7.1992097,61.6803491,488.059,5,11,ASCENT,ASCENT
22:23.2,117.792,952.63,11.64,31.9,12.34,12/09/2023,11:19:19,7.1992075,61.6803545,488.711,5,11,ASCENT,ASCENT
22:23.2,117.808,952.75,11.7,31.9,12.37,12/09/2023,11:19:20,7.1992102,61.680361,489.539,5,11,ASCENT,ASCENT
22:23.3,117.839,952.33,11.79,31.9,12.38,12/09/2023,11:19:21,7.19922,61.6803634,491.311,5,11,ASCENT,ASCENT
22:23.3,117.872,952.53,11.86,31.9,12.42,12/09/2023,11:19:22,7.1992154,61.6803622,491.988,5,11,ASCENT,ASCENT
22:23.3,117.891,952.43,11.95,31.8,12.48,12/09/2023,11:19:23,7.1992153,61.6803621,492.779,5,11,ASCENT,ASCENT
22:23.3,117.922,952.31,12.02,31.8,12.53,12/09/2023,11:19:24,7.1992164,61.6803641,493.851,5,11,ASCENT,ASCENT
22:23.4,117.938,952.28,12.03,31.7,12.6,12/09/2023,11:19:25,7.199211,61.6803632,493.443,5,11,ASCENT,ASCENT
22:23.4,117.97,952.16,12.05,31.6,12.64,12/09/2023,11:19:26,7.1992051,61.6803599,493.432,5,11,ASCENT,ASCENT
22:23.4,118.001,952.07,11.88,31.5,12.68,12/09/2023,11:19:27,7.1992014,61.6803584,494.347,5,11,ASCENT,ASCENT
22:23.4,118.018,952.03,11.85,31.4,12.73,12/09/2023,11:19:28,7.1992052,61.6803609,495.711,5,11,ASCENT,ASCENT
22:23.5,118.05,951.88,11.71,31.3,12.75,12/09/2023,11:19:29,7.199203,61.6803612,495.842,5,11,ASCENT,ASCENT
22:23.5,118.074,951.82,11.7,31.3,12.77,12/09/2023,11:19:30,7.1992076,61.6803613,496.718,5,11,ASCENT,ASCENT
22:23.5,118.108,951.72,11.71,31.2,12.78,12/09/2023,11:19:31,7.1992059,61.6803685,498.943,5,11,ASCENT,ASCENT
22:23.5,118.131,951.65,11.61,31.2,12.78,12/09/2023,11:19:32,7.1992099,61.6803695,500.308,5,11,ASCENT,ASCENT
22:23.6,118.159,951.57,11.59,31.2,12.78,12/09/2023,11:19:33,7.199208,61.6803703,501.201,5,11,ASCENT,ASCENT
22:23.6,118.18,951.47,11.58,31.1,12.78,12/09/2023,11:19:34,7.1992053,61.6803716,501.721,5,11,ASCENT,ASCENT
22:23.6,118.209,951.44,11.47,31.1,12.74,12/09/2023,11:19:35,7.1992009,61.6803702,501.444,5,11,ASCENT,ASCENT
22:23.6,118.231,951.35,11.59,31.1,12.77,12/09/2023,11:19:36,7.199195,61.6803738,502.581,5,11,ASCENT,ASCENT
22:23.7,118.263,951.24,11.52,31.1,12.74,12/09/2023,11:19:37,7.1991943,61.6803747,503.65,5,11,ASCENT,ASCENT
22:23.7,118.279,951.09,11.42,31.1,12.7,12/09/2023,11:19:38,7.1991911,61.6803718,503.665,5,11,ASCENT,ASCENT
22:23.7,118.311,951.08,11.41,31.1,12.62,12/09/2023,11:19:39,7.1991926,61.6803719,504.738,5,11,ASCENT,ASCENT
22:23.8,118.344,950.92,11.36,31.2,12.55,12/09/2023,11:19:40,7.1991922,61.6803694,505.273,5,11,ASCENT,ASCENT
22:23.8,118.36,950.84,11.31,31.3,12.49,12/09/2023,11:19:41,7.1991925,61.6803681,506.249,5,11,ASCENT,ASCENT
22:23.8,118.392,950.81,11.3,31.4,12.42,12/09/2023,11:19:42,7.1991878,61.6803606,505.781,5,11,ASCENT,ASCENT
22:23.8,118.408,950.66,11.33,31.5,12.38,12/09/2023,11:19:43,7.1991836,61.6803591,506.242,5,11,ASCENT,ASCENT
22:23.9,118.44,950.52,11.33,31.6,12.33,12/09/2023,11:19:44,7.199188,61.6803575,507.055,5,11,ASCENT,ASCENT
22:23.9,118.471,950.52,11.34,31.7,12.3,12/09/2023,11:19:45,7.1991858,61.6803558,507.585,5,11,ASCENT,ASCENT
22:23.9,118.487,950.44,11.35,31.8,12.3,12/09/2023,11:19:46,7.1991898,61.6803525,507.971,5,11,ASCENT,ASCENT
22:23.9,118.518,950.31,11.37,31.8,12.31,12/09/2023,11:19:47,7.1991917,61.6803498,508.473,5,11,ASCENT,ASCENT
22:24.0,118.55,950.13,11.37,31.9,12.33,12/09/2023,11:19:48,7.1991916,61.6803483,509.397,5,11,ASCENT,ASCENT
22:24.0,118.565,950.01,11.38,31.9,12.35,12/09/2023,11:19:49,7.1991899,61.6803438,510.016,5,11,ASCENT,ASCENT
22:24.0,118.594,949.88,11.37,31.9,12.37,12/09/2023,11:19:50,7.1991915,61.6803382,511.381,5,11,ASCENT,ASCENT
22:24.0,118.627,949.76,11.35,32,12.38,12/09/2023,11:19:51,7.1991887,61.6803338,511.642,5,11,ASCENT,ASCENT
22:24.1,118.657,949.6,11.37,31.9,12.39,12/09/2023,11:19:52,7.1991877,61.680333,512.531,5,11,ASCENT,ASCENT
22:24.1,118.682,949.49,11.41,31.9,12.42,12/09/2023,11:19:53,7.1991858,61.6803325,514.269,5,11,ASCENT,ASCENT
22:24.1,118.697,949.36,11.41,31.8,12.45,12/09/2023,11:19:54,7.1991801,61.6803299,514.946,5,11,ASCENT,ASCENT
22:24.1,118.731,949.15,11.38,31.8,12.45,12/09/2023,11:19:55,7.1991804,61.6803348,516.546,6,11,ASCENT,ASCENT
22:24.2,118.752,949.03,11.37,31.8,12.46,12/09/2023,11:19:56,7.1991804,61.6803396,518.004,6,11,ASCENT,ASCENT
22:24.2,118.776,949.04,11.35,31.8,12.46,12/09/2023,11:19:57,7.1991813,61.6803392,518.551,6,11,ASCENT,ASCENT
22:24.2,118.808,949.02,11.32,31.7,12.46,12/09/2023,11:19:58,7.1991807,61.6803386,519.034,6,11,ASCENT,ASCENT
22:24.3,118.839,948.95,11.35,31.8,12.45,12/09/2023,11:19:59,7.1991832,61.6803373,519.181,6,11,ASCENT,ASCENT
22:24.3,118.855,948.93,11.34,31.8,12.45,12/09/2023,11:20:00,7.1991851,61.6803378,519.443,6,11,ASCENT,ASCENT
22:24.3,118.886,948.81,11.37,31.7,12.46,12/09/2023,11:20:01,7.1991887,61.6803422,521.19,6,11,ASCENT,ASCENT
22:24.3,118.902,948.76,11.35,31.7,12.51,12/09/2023,11:20:02,7.1991889,61.6803363,520.769,6,11,ASCENT,ASCENT
22:24.4,118.943,948.74,11.34,31.7,12.49,12/09/2023,11:20:03,7.199189,61.6803388,520.763,6,11,ASCENT,ASCENT
22:24.4,118.966,948.74,11.33,31.7,12.51,12/09/2023,11:20:04,7.1991904,61.6803343,519.712,6,11,,
22:24.4,118.986,948.72,11.34,31.7,12.49,12/09/2023,11:20:05,7.1991804,61.6803326,518.846,6,11,,
22:24.4,119.017,948.76,11.32,31.7,12.46,12/09/2023,11:20:06,7.1991785,61.680334,519.136,6,11,,
22:24.4,119.033,948.73,11.29,31.7,12.45,12/09/2023,11:20:07,7.1991819,61.6803349,518.91,6,11,,
22:24.5,119.073,948.73,11.31,31.7,12.44,12/09/2023,11:20:08,7.1991851,61.6803364,519.095,6,11,ASCENT,ASCENT
22:24.5,119.091,948.75,11.33,31.8,12.42,12/09/2023,11:20:09,7.1991856,61.6803387,519.438,6,11,ASCENT,ASCENT
22:24.5,119.111,948.74,11.29,31.8,12.44,12/09/2023,11:20:10,7.1991915,61.6803389,519.59,6,11,ASCENT,ASCENT
22:24.6,119.151,948.69,11.32,31.8,12.42,12/09/2023,11:20:11,7.1991863,61.6803373,519.092,6,11,,
22:24.6,119.177,948.71,11.35,31.8,12.41,12/09/2023,11:20:12,7.1991845,61.6803352,518.952,6,11,,
22:24.6,119.203,948.78,11.35,31.8,12.41,12/09/2023,11:20:13,7.1991871,61.6803335,518.991,6,11,,
22:24.6,119.229,948.7,11.32,31.9,12.39,12/09/2023,11:20:14,7.1991813,61.6803313,518.346,6,11,,
22:24.7,119.255,948.66,11.31,31.9,12.37,12/09/2023,11:20:15,7.1991764,61.6803259,517.376,6,11,,
22:24.7,119.28,948.74,11.52,31.9,12.38,12/09/2023,11:20:16,7.1991749,61.6803257,517.548,6,11,,
22:24.7,119.298,948.49,11.53,31.9,12.39,12/09/2023,11:20:17,7.1991742,61.6803274,518.09,6,11,ASCENT,ASCENT
22:24.7,119.331,948.57,11.54,31.8,12.41,12/09/2023,11:20:18,7.1991715,61.6803257,518.256,6,11,ASCENT,ASCENT
22:24.8,119.348,948.37,11.52,31.8,12.39,12/09/2023,11:20:19,7.1991668,61.6803253,518.455,6,11,ASCENT,ASCENT
22:24.8,119.381,948.49,11.55,31.8,12.41,12/09/2023,11:20:20,7.1991639,61.6803262,518.527,6,11,ASCENT,ASCENT
22:24.8,119.397,948.35,11.59,31.8,12.42,12/09/2023,11:20:21,7.1991574,61.680326,518.412,6,11,,
22:24.8,119.43,948.39,11.48,31.8,12.42,12/09/2023,11:20:22,7.1991507,61.6803244,518.925,6,11,ASCENT,ASCENT
22:24.9,119.464,948.54,11.48,31.8,12.39,12/09/2023,11:20:23,7.1991383,61.6803214,519.272,6,11,ASCENT,ASCENT
22:24.9,119.48,948.72,11.48,31.8,12.42,12/09/2023,11:20:24,7.199098,61.6803157,519.18,6,11,ASCENT,ASCENT
,,,,,,,,,,,,,#REF!,
23:38.4,193.009,962.77,9.59,47.5,9.62,12/09/2023,16:01:07,7.1994012,61.6804968,424.245,10,16,#REF!,
23:38.5,193.037,962.68,9.5,47.4,9.62,12/09/2023,16:01:08,7.1993996,61.6804984,424.996,10,16,ASCENT,ASCENT
23:38.5,193.069,962.58,9.65,47.4,9.65,12/09/2023,16:01:09,7.1993924,61.6804965,426.254,10,16,ASCENT,ASCENT
23:38.5,193.084,962.48,9.99,47.3,9.7,12/09/2023,16:01:10,7.1993846,61.680494,427.396,11,16,ASCENT,ASCENT
23:38.5,193.117,962.38,9.94,47.3,9.74,12/09/2023,16:01:11,7.1993838,61.6804939,428.351,11,16,ASCENT,ASCENT
23:38.6,193.148,962.26,10,47.1,9.79,12/09/2023,16:01:12,7.1993922,61.6804953,428.376,11,16,ASCENT,ASCENT
23:38.6,193.165,962.22,9.99,47,9.8,12/09/2023,16:01:13,7.1993959,61.6804969,428.848,11,16,ASCENT,ASCENT
23:38.6,193.197,962.09,9.83,46.9,9.81,12/09/2023,16:01:14,7.1993904,61.6804988,430.984,11,16,ASCENT,ASCENT
23:38.6,193.215,961.93,10.36,46.9,9.91,12/09/2023,16:01:15,7.1993937,61.680501,431.747,11,16,ASCENT,ASCENT
23:38.7,193.248,961.85,10.77,46.8,10.01,12/09/2023,16:01:16,7.199396,61.6805022,432.384,11,16,ASCENT,ASCENT
23:38.7,193.271,961.75,11.04,46.6,10.11,12/09/2023,16:01:17,7.1993971,61.6805029,434.228,11,16,ASCENT,ASCENT
23:38.7,193.303,961.61,11.37,46.3,10.25,12/09/2023,16:01:18,7.1994043,61.6805074,435.781,11,16,ASCENT,ASCENT
23:38.7,193.326,961.47,11.52,46,10.36,12/09/2023,16:01:19,7.1994092,61.6805108,437.555,11,16,ASCENT,ASCENT
23:38.8,193.357,961.27,11.55,45.6,10.46,12/09/2023,16:01:20,7.1994122,61.6805103,438.506,11,16,ASCENT,ASCENT
23:38.8,193.373,961.15,11.55,45.4,10.55,12/09/2023,16:01:21,7.1994137,61.6805128,440.052,11,16,ASCENT,ASCENT
23:38.8,193.405,960.96,11.55,45.1,10.65,12/09/2023,16:01:22,7.1994148,61.6805136,441.683,11,16,ASCENT,ASCENT
23:38.8,193.421,960.79,11.57,44.7,10.72,12/09/2023,16:01:23,7.1994134,61.6805152,443.674,11,16,ASCENT,ASCENT
23:38.9,193.456,960.66,11.56,44.5,10.77,12/09/2023,16:01:24,7.1994188,61.6805185,444.783,11,16,ASCENT,ASCENT
23:38.9,193.487,960.5,11.56,44.2,10.84,12/09/2023,16:01:25,7.1994236,61.6805212,445.962,11,16,ASCENT,ASCENT
23:38.9,193.504,960.35,11.54,44.1,10.9,12/09/2023,16:01:26,7.1994193,61.6805208,448.36,11,16,ASCENT,ASCENT
23:39.0,193.538,960.21,11.54,43.9,10.92,12/09/2023,16:01:27,7.199416,61.6805201,449.755,11,16,ASCENT,ASCENT
23:39.0,193.554,960.1,11.52,43.8,10.97,12/09/2023,16:01:28,7.199418,61.6805216,451.438,11,16,ASCENT,ASCENT
23:39.0,193.585,959.94,11.49,43.7,11.01,12/09/2023,16:01:29,7.1994179,61.680522,453.448,11,16,ASCENT,ASCENT
23:39.0,193.609,959.74,11.5,43.7,11.05,12/09/2023,16:01:30,7.1994142,61.6805211,455.314,11,16,ASCENT,ASCENT
23:39.1,193.64,959.6,11.49,43.7,11.08,12/09/2023,16:01:31,7.1994098,61.6805207,457.359,11,16,ASCENT,ASCENT
23:39.1,193.656,959.43,11.41,43.6,11.12,12/09/2023,16:01:32,7.1994096,61.6805224,458.763,11,16,ASCENT,ASCENT
23:39.1,193.695,959.26,11.43,43.5,11.13,12/09/2023,16:01:33,7.1994052,61.6805249,460.662,11,16,ASCENT,ASCENT
23:39.1,193.707,959.07,11.42,43.4,11.15,12/09/2023,16:01:34,7.1994032,61.6805277,462.283,11,16,ASCENT,ASCENT
23:39.2,193.741,958.84,11.39,43.4,11.17,12/09/2023,16:01:35,7.1994054,61.6805281,463.747,11,16,ASCENT,ASCENT
23:39.2,193.772,958.64,11.4,43.3,11.2,12/09/2023,16:01:36,7.1994064,61.6805274,465.241,11,16,ASCENT,ASCENT
23:39.2,193.8,958.51,11.38,43.3,11.23,12/09/2023,16:01:37,7.1994117,61.6805288,465.927,11,16,ASCENT,ASCENT
23:39.2,193.816,958.33,11.39,43.2,11.24,12/09/2023,16:01:38,7.1994136,61.6805319,467.306,11,16,ASCENT,ASCENT
23:39.3,193.848,958.18,11.37,43.2,11.26,12/09/2023,16:01:39,7.1994128,61.6805338,469.101,11,16,ASCENT,ASCENT
23:39.3,193.878,957.98,11.37,43.1,11.26,12/09/2023,16:01:40,7.1994124,61.6805354,470.598,11,16,ASCENT,ASCENT
23:39.3,193.903,957.9,11.35,43,11.27,12/09/2023,16:01:41,7.1994114,61.6805349,472.263,11,16,ASCENT,ASCENT
23:39.3,193.92,957.75,11.31,43,11.28,12/09/2023,16:01:42,7.199413,61.6805349,473.661,11,16,ASCENT,ASCENT
23:39.4,193.952,957.63,11.31,43,11.3,12/09/2023,16:01:43,7.1994154,61.6805358,474.758,11,16,ASCENT,ASCENT
23:39.4,193.968,957.51,11.31,42.9,11.3,12/09/2023,16:01:44,7.1994152,61.6805358,475.206,11,16,ASCENT,ASCENT
23:39.4,194.007,957.31,11.28,42.9,11.3,12/09/2023,16:01:45,7.1994185,61.680536,475.768,11,16,ASCENT,ASCENT
23:39.4,194.023,957.24,11.27,42.8,11.32,12/09/2023,16:01:46,7.1994203,61.6805366,477.109,11,16,ASCENT,ASCENT
23:39.5,194.061,957.1,11.26,42.9,11.31,12/09/2023,16:01:47,7.1994253,61.6805373,477.941,11,16,ASCENT,ASCENT
23:39.5,194.077,957.02,11.25,42.9,11.31,12/09/2023,16:01:48,7.1994279,61.680538,479.3,11,16,ASCENT,ASCENT
23:39.5,194.111,956.86,11.23,42.9,11.32,12/09/2023,16:01:49,7.199428,61.6805397,480.682,11,16,ASCENT,ASCENT
23:39.5,194.129,956.7,11.22,42.8,11.32,12/09/2023,16:01:50,7.1994266,61.6805411,481.699,11,16,ASCENT,ASCENT
23:39.6,194.154,956.61,11.19,42.8,11.32,12/09/2023,16:01:51,7.1994244,61.6805405,482.712,11,16,ASCENT,ASCENT
23:39.6,194.186,956.5,11.25,42.8,11.32,12/09/2023,16:01:52,7.1994241,61.6805391,483.153,11,16,ASCENT,ASCENT
23:39.6,194.202,956.32,11.2,42.8,11.32,12/09/2023,16:01:53,7.1994226,61.6805387,484.712,11,16,ASCENT,ASCENT
23:39.6,194.233,956.24,11.2,42.8,11.32,12/09/2023,16:01:54,7.1994215,61.6805382,485.557,11,16,ASCENT,ASCENT
23:39.7,194.259,956.07,11.2,42.8,11.32,12/09/2023,16:01:55,7.1994199,61.6805389,486.63,11,16,ASCENT,ASCENT
23:39.7,194.291,956,11.18,42.9,11.32,12/09/2023,16:01:56,7.1994192,61.6805398,487.916,11,16,ASCENT,ASCENT
23:39.7,194.306,955.9,11.2,42.9,11.32,12/09/2023,16:01:57,7.1994168,61.6805388,488.911,11,16,ASCENT,ASCENT
23:39.8,194.339,955.74,11.2,42.9,11.32,12/09/2023,16:01:58,7.1994151,61.6805386,490.177,11,16,ASCENT,ASCENT
23:39.8,194.371,955.7,11.16,42.9,11.31,12/09/2023,16:01:59,7.1994133,61.6805386,490.695,11,16,ASCENT,ASCENT
23:39.8,194.387,955.56,11.16,43,11.32,12/09/2023,16:02:00,7.1994107,61.6805394,491.594,11,16,ASCENT,ASCENT
23:39.8,194.417,955.45,11.15,42.9,11.32,12/09/2023,16:02:01,7.1994092,61.6805396,492.43,11,16,ASCENT,ASCENT
23:39.9,194.448,955.38,11.13,42.9,11.31,12/09/2023,16:02:02,7.19941,61.6805411,493.603,11,16,ASCENT,ASCENT
23:39.9,194.463,955.24,11.11,42.8,11.32,12/09/2023,16:02:03,7.1994102,61.6805435,495.264,11,16,ASCENT,ASCENT
23:39.9,194.495,955.19,11.12,42.6,11.31,12/09/2023,16:02:04,7.1994104,61.6805442,496.458,11,16,ASCENT,ASCENT
23:39.9,194.526,955.04,11.13,42.4,11.3,12/09/2023,16:02:05,7.1994107,61.6805459,497.598,11,16,ASCENT,ASCENT
23:40.0,194.546,954.89,11.1,42.2,11.3,12/09/2023,16:02:06,7.1994095,61.6805468,498.782,11,16,ASCENT,ASCENT
23:40.0,194.578,954.74,11.1,42.1,11.3,12/09/2023,16:02:07,7.1994094,61.6805471,499.714,11,16,ASCENT,ASCENT
23:40.0,194.595,954.63,11.08,42.1,11.28,12/09/2023,16:02:08,7.1994093,61.6805461,499.981,11,16,ASCENT,ASCENT
23:40.0,194.627,954.59,11.06,42,11.3,12/09/2023,16:02:09,7.1994058,61.6805449,500.731,11,16,ASCENT,ASCENT
23:40.1,194.659,954.49,11.09,41.9,11.28,12/09/2023,16:02:10,7.1994062,61.6805451,501.73,11,16,ASCENT,ASCENT
23:40.1,194.675,954.38,11.07,41.9,11.27,12/09/2023,16:02:11,7.1994057,61.6805435,502.307,11,16,ASCENT,ASCENT
23:40.1,194.704,954.2,11.07,41.9,11.27,12/09/2023,16:02:12,7.1994058,61.6805426,503.108,11,16,ASCENT,ASCENT
23:40.2,194.737,954.12,11.04,41.9,11.27,12/09/2023,16:02:13,7.1994049,61.6805424,504.397,11,16,ASCENT,ASCENT
23:40.2,194.756,953.98,11.05,41.9,11.26,12/09/2023,16:02:14,7.1994042,61.680542,505.435,11,16,ASCENT,ASCENT
23:40.2,194.78,953.87,11.03,41.9,11.26,12/09/2023,16:02:15,7.199406,61.6805418,506.226,11,16,ASCENT,ASCENT
23:40.2,194.812,953.76,11.04,41.9,11.26,12/09/2023,16:02:16,7.199409,61.6805423,506.983,11,16,ASCENT,ASCENT
23:40.2,194.833,953.65,11.03,41.9,11.24,12/09/2023,16:02:17,7.1994097,61.6805434,508.355,11,16,ASCENT,ASCENT
23:40.3,194.867,953.52,11,41.9,11.23,12/09/2023,16:02:18,7.1994085,61.6805442,509.618,11,16,ASCENT,ASCENT
23:40.3,194.885,953.41,11.01,41.9,11.23,12/09/2023,16:02:19,7.199407,61.6805443,510.973,11,16,ASCENT,ASCENT
23:40.3,194.905,953.29,10.99,42,11.23,12/09/2023,16:02:20,7.1994048,61.6805427,512.321,11,16,ASCENT,ASCENT
23:40.4,194.946,953.15,10.98,42,11.23,12/09/2023,16:02:21,7.1994022,61.6805429,513.757,11,16,ASCENT,ASCENT
23:40.4,194.962,953.05,10.94,42,11.21,12/09/2023,16:02:22,7.1993995,61.6805421,514.97,11,16,ASCENT,ASCENT
23:40.4,194.993,952.97,10.96,42,11.2,12/09/2023,16:02:23,7.1994007,61.6805429,516.43,11,16,ASCENT,ASCENT
23:40.4,195.024,952.87,10.94,42,11.19,12/09/2023,16:02:24,7.1994046,61.6805427,517.32,11,16,ASCENT,ASCENT
23:40.5,195.05,952.74,10.96,42.1,11.19,12/09/2023,16:02:25,7.1994056,61.6805422,518.419,11,16,ASCENT,ASCENT
23:40.5,195.068,952.66,10.93,42.1,11.17,12/09/2023,16:02:26,7.1994046,61.6805424,519.624,11,16,ASCENT,ASCENT
23:40.5,195.1,952.51,10.91,42.2,11.17,12/09/2023,16:02:27,7.1994052,61.6805413,520.429,11,16,ASCENT,ASCENT
23:40.5,195.115,952.39,10.92,42.2,11.15,12/09/2023,16:02:28,7.199405,61.68054,521.097,11,16,ASCENT,ASCENT
23:40.6,195.148,952.3,10.9,42.2,11.16,12/09/2023,16:02:29,7.1994047,61.6805396,522.091,11,16,ASCENT,ASCENT
23:40.6,195.176,952.23,10.89,42.2,11.15,12/09/2023,16:02:30,7.1994057,61.6805389,522.641,11,16,ASCENT,ASCENT
23:40.6,195.193,952.07,10.87,42.2,11.15,12/09/2023,16:02:31,7.199407,61.6805406,523.672,11,16,ASCENT,ASCENT
23:40.6,195.226,951.97,10.87,42.2,11.13,12/09/2023,16:02:32,7.1994107,61.6805417,524.359,11,16,ASCENT,ASCENT
23:40.7,195.258,951.81,10.82,42.3,11.13,12/09/2023,16:02:33,7.1994113,61.6805422,525.873,11,16,ASCENT,ASCENT
23:40.7,195.281,951.65,10.84,42.3,11.1,12/09/2023,16:02:34,7.1994128,61.6805422,527.084,11,16,ASCENT,ASCENT
23:40.7,195.31,951.46,10.83,42.3,11.09,12/09/2023,16:02:35,7.1994154,61.6805425,528.651,11,16,ASCENT,ASCENT
23:40.7,195.326,951.21,10.82,42.3,11.09,12/09/2023,16:02:36,7.1994166,61.6805422,530.508,11,16,ASCENT,ASCENT
23:40.8,195.357,950.97,10.8,42.3,11.08,12/09/2023,16:02:37,7.1994177,61.6805415,532.639,11,16,ASCENT,ASCENT
23:40.8,195.388,950.69,10.8,42.3,11.08,12/09/2023,16:02:37,7.1994177,61.6805415,532.639,11,16,ASCENT,ASCENT
23:40.8,195.388,950.69,10.77,42.3,11.06,12/09/2023,16:02:38,7.1994194,61.6805394,534.334,11,16,ASCENT,ASCENT
23:40.8,195.405,950.55,10.76,42.4,11.05,12/09/2023,16:02:39,7.1994211,61.6805378,535.736,11,16,ASCENT,ASCENT
23:40.9,195.437,950.35,10.72,42.4,11.03,12/09/2023,16:02:40,7.1994231,61.6805371,537.116,11,16,ASCENT,ASCENT
23:40.9,195.453,950.1,10.71,42.4,11.02,12/09/2023,16:02:41,7.1994233,61.6805363,538.312,11,16,ASCENT,ASCENT
23:40.9,195.484,950.07,10.71,42.5,11.02,12/09/2023,16:02:42,7.199425,61.6805365,538.974,11,16,ASCENT,ASCENT
23:40.9,195.518,950.02,10.68,42.5,11.01,12/09/2023,16:02:43,7.1994258,61.6805363,539.597,11,16,ASCENT,ASCENT
23:41.0,195.544,950.03,10.7,42.5,10.98,12/09/2023,16:02:44,7.1994278,61.6805363,540,11,16,ASCENT,ASCENT
23:41.0,195.57,950.03,10.67,42.6,10.97,12/09/2023,16:02:45,7.1994337,61.6805364,539.353,11,16,,
23:41.0,195.596,950.13,10.67,42.6,10.95,12/09/2023,16:02:46,7.1994651,61.6805357,539.349,11,16,,
23:41.0,195.622,950.09,10.67,42.7,10.95,12/09/2023,16:02:47,7.1995105,61.6805332,539.281,11,16,,
23:41.1,195.648,950.08,10.67,42.7,10.94,12/09/2023,16:02:48,7.1995323,61.6805328,539.062,11,16,,
23:41.1,195.674,950.08,10.66,42.8,10.92,12/09/2023,16:02:49,7.1995394,61.6805353,538.983,11,16,,
23:41.1,195.7,950.18,10.66,42.8,10.92,12/09/2023,16:02:50,7.1995393,61.6805397,539.776,11,16,ASCENT,ASCENT
23:41.1,195.726,950.1,10.65,42.8,10.9,12/09/2023,16:02:51,7.1995366,61.6805411,539.96,11,16,ASCENT,ASCENT
23:41.2,195.752,950.06,10.67,42.9,10.9,12/09/2023,16:02:52,7.1995188,61.6805386,541.242,11,16,ASCENT,ASCENT
23:41.2,195.778,950.06,10.65,42.9,10.88,12/09/2023,16:02:53,7.1995126,61.6805405,542.117,11,16,ASCENT,ASCENT
23:41.2,195.804,950.03,10.63,42.9,10.88,12/09/2023,16:02:54,7.1995062,61.6805494,543.628,9,16,ASCENT,ASCENT
23:41.2,195.83,950,10.63,43,10.87,12/09/2023,16:02:55,7.1995178,61.6805667,542.89,9,16,ASCENT,ASCENT
23:41.3,195.856,950.09,10.61,43,10.85,12/09/2023,16:02:56,7.1995168,61.6805715,542.811,10,16,,
23:41.3,195.876,950.06,10.64,43,10.85,12/09/2023,16:02:57,7.1995078,61.6805732,543.463,10,16,ASCENT,ASCENT
,,,,,,,,,,,,,,
23:48.6,203.199,963.14,9.9,42.9,10.98,12/09/2023,16:07:38,7.1993174,61.6805459,431.017,12,16,#REF!,
23:48.6,203.224,963.03,9.87,43.2,10.9,12/09/2023,16:07:39,7.19932,61.6805453,431.928,12,16,ASCENT,
23:48.7,203.25,962.9,9.81,43.2,10.84,12/09/2023,16:07:40,7.1993248,61.6805422,433.172,12,16,ASCENT,ASCENT
23:48.7,203.277,962.84,10.01,43.4,10.8,12/09/2023,16:07:41,7.1993284,61.680545,434.494,12,16,ASCENT,ASCENT
23:48.7,203.303,962.75,10.13,43.5,10.77,12/09/2023,16:07:42,7.1993292,61.6805476,435.532,12,16,ASCENT,ASCENT
23:48.7,203.329,962.7,10.54,43.5,10.8,12/09/2023,16:07:43,7.1993296,61.6805458,437.231,12,16,ASCENT,ASCENT
23:48.8,203.355,962.53,10.23,43.6,10.76,12/09/2023,16:07:44,7.1993326,61.6805452,438.718,12,16,ASCENT,ASCENT
23:48.8,203.381,962.48,10.38,43.6,10.76,12/09/2023,16:07:45,7.1993333,61.6805478,440.145,12,16,ASCENT,ASCENT
23:48.8,203.406,962.36,10.57,43.6,10.79,12/09/2023,16:07:46,7.1993404,61.6805515,440.692,12,16,ASCENT,ASCENT
23:48.8,203.432,962.24,10.89,43.6,10.81,12/09/2023,16:07:47,7.1993515,61.6805538,441.773,12,16,ASCENT,ASCENT
23:48.9,203.459,962.14,11.17,43.6,10.88,12/09/2023,16:07:48,7.199351,61.6805528,441.922,12,16,ASCENT,ASCENT
23:48.9,203.484,962.02,11.28,43.5,10.92,12/09/2023,16:07:49,7.1993476,61.6805534,441.922,12,16,ASCENT,ASCENT
23:48.9,203.485,962.02,11.28,43.5,10.92,12/09/2023,16:07:49,7.1993476,61.6805534,442.838,12,16,ASCENT,ASCENT
23:48.9,203.51,961.89,11.32,43.3,10.95,12/09/2023,16:07:50,7.1993532,61.6805547,443.986,12,16,ASCENT,ASCENT
23:49.0,203.536,961.81,11.33,43.3,10.99,12/09/2023,16:07:51,7.1993534,61.6805551,445.569,13,16,ASCENT,ASCENT
23:49.0,203.563,961.63,11.38,43.1,11.01,12/09/2023,16:07:52,7.1993498,61.6805555,447.074,13,16,ASCENT,ASCENT
23:49.0,203.589,961.5,11.39,43,11.05,12/09/2023,16:07:53,7.1993383,61.680558,448.474,13,16,ASCENT,ASCENT
23:49.0,203.615,961.37,11.35,42.9,11.09,12/09/2023,16:07:54,7.1993311,61.6805591,449.724,13,16,ASCENT,ASCENT
23:49.1,203.641,961.25,11.3,42.9,11.12,12/09/2023,16:07:55,7.1993281,61.6805594,450.476,13,16,ASCENT,ASCENT
23:49.1,203.667,961.14,11.36,42.7,11.16,12/09/2023,16:07:56,7.1993233,61.6805593,451.22,13,16,ASCENT,ASCENT
23:49.1,203.693,961,11.26,42.6,11.17,12/09/2023,16:07:57,7.1993242,61.6805609,452.737,13,16,ASCENT,ASCENT
23:49.1,203.72,960.95,11.08,42.6,11.17,12/09/2023,16:07:58,7.1993251,61.6805628,454.299,13,16,ASCENT,ASCENT
23:49.2,203.746,960.75,11.22,42.6,11.19,12/09/2023,16:07:59,7.1993241,61.6805632,455.003,13,16,ASCENT,ASCENT
23:49.2,203.772,960.6,11.23,42.5,11.2,12/09/2023,16:08:00,7.199322,61.6805634,455.9,13,16,ASCENT,ASCENT
23:49.2,203.798,960.49,11.16,42.5,11.21,12/09/2023,16:08:01,7.1993171,61.6805645,457.081,12,16,ASCENT,ASCENT
23:49.2,203.823,960.36,11.02,42.5,11.19,12/09/2023,16:08:02,7.1993127,61.6805663,458.203,13,16,ASCENT,ASCENT
23:49.3,203.85,960.21,10.84,42.6,11.17,12/09/2023,16:08:03,7.1993117,61.6805664,459.076,13,16,ASCENT,ASCENT
23:49.3,203.876,960.07,10.77,42.6,11.13,12/09/2023,16:08:04,7.1993116,61.6805666,460.35,12,16,ASCENT,ASCENT
23:49.3,203.902,959.99,10.78,42.6,11.13,12/09/2023,16:08:05,7.1993135,61.6805695,461.69,13,16,ASCENT,ASCENT
23:49.3,203.928,959.94,10.76,42.7,11.12,12/09/2023,16:08:06,7.1993147,61.6805721,462.958,12,16,ASCENT,ASCENT
23:49.4,203.954,959.83,10.79,42.7,11.12,12/09/2023,16:08:07,7.1993154,61.6805757,464.732,12,16,ASCENT,ASCENT
23:49.4,203.98,959.71,10.72,42.7,11.09,12/09/2023,16:08:08,7.1993174,61.6805778,466.424,12,16,ASCENT,ASCENT
23:49.4,204.006,959.53,10.65,42.8,11.09,12/09/2023,16:08:09,7.1993185,61.6805797,467.865,12,16,ASCENT,ASCENT
23:49.4,204.032,959.42,10.55,42.8,11.06,12/09/2023,16:08:10,7.1993205,61.6805809,469.231,12,16,ASCENT,ASCENT
23:49.5,204.058,959.21,10.57,42.9,11.05,12/09/2023,16:08:11,7.199324,61.6805835,471.227,12,16,ASCENT,ASCENT
23:49.5,204.084,959.05,10.71,42.9,11.05,12/09/2023,16:08:12,7.1993209,61.6805825,472.383,11,16,ASCENT,ASCENT
23:49.5,204.111,958.92,10.95,42.9,11.06,12/09/2023,16:08:13,7.1993186,61.6805799,473.169,11,16,ASCENT,ASCENT
23:49.6,204.136,958.8,11.03,42.8,11.09,12/09/2023,16:08:14,7.1993154,61.68058,474.448,12,16,ASCENT,ASCENT
23:49.6,204.162,958.72,11.06,42.8,11.1,12/09/2023,16:08:15,7.1993119,61.68058,476.332,12,16,ASCENT,ASCENT
23:49.6,204.188,958.55,11.14,42.7,11.12,12/09/2023,16:08:16,7.1993098,61.6805789,477.823,12,16,ASCENT,ASCENT
23:49.6,204.215,958.38,11.19,42.7,11.15,12/09/2023,16:08:17,7.1993116,61.6805795,478.841,12,16,ASCENT,ASCENT
23:49.7,204.241,958.23,11.22,42.6,11.17,12/09/2023,16:08:18,7.1993089,61.6805818,480.104,12,16,ASCENT,ASCENT
23:49.7,204.266,958.06,11.23,42.6,11.17,12/09/2023,16:08:19,7.1993066,61.6805816,481.753,12,16,ASCENT,ASCENT
23:49.7,204.293,957.92,11.23,42.5,11.19,12/09/2023,16:08:20,7.1993067,61.6805825,483.259,12,16,ASCENT,ASCENT
23:49.7,204.319,957.8,11.24,42.5,11.19,12/09/2023,16:08:21,7.1993084,61.6805859,484.918,12,16,ASCENT,ASCENT
23:49.8,204.345,957.61,11.22,42.4,11.21,12/09/2023,16:08:22,7.1993109,61.6805879,486.619,11,16,ASCENT,ASCENT
23:49.8,204.371,957.48,11.22,42.3,11.21,12/09/2023,16:08:23,7.1993067,61.6805864,487.531,12,16,ASCENT,ASCENT
23:49.8,204.397,957.38,11.22,42.3,11.23,12/09/2023,16:08:24,7.1993009,61.6805842,488.407,12,16,ASCENT,ASCENT
23:49.8,204.422,957.22,11.25,42.2,11.23,12/09/2023,16:08:25,7.1993023,61.6805842,489.315,11,16,ASCENT,ASCENT
23:49.9,204.448,957.11,11.23,42.2,11.24,12/09/2023,16:08:26,7.1992998,61.6805858,490.684,12,16,ASCENT,ASCENT
23:49.9,204.475,956.94,11.22,42.2,11.26,12/09/2023,16:08:27,7.1992984,61.6805849,491.608,12,16,ASCENT,ASCENT
23:49.9,204.501,956.9,11.22,42.1,11.26,12/09/2023,16:08:28,7.1992979,61.680585,492.907,11,16,ASCENT,ASCENT
23:49.9,204.527,956.72,11.21,42.1,11.27,12/09/2023,16:08:29,7.1992985,61.6805839,494.321,12,16,ASCENT,ASCENT
23:50.0,204.552,956.52,11.19,42.1,11.28,12/09/2023,16:08:30,7.1992964,61.6805817,495.458,11,16,ASCENT,ASCENT
23:50.0,204.579,956.36,11.18,42.1,11.28,12/09/2023,16:08:31,7.1992929,61.6805813,496.479,12,16,ASCENT,ASCENT
23:50.0,204.605,956.23,11.18,42,11.28,12/09/2023,16:08:32,7.1992908,61.6805868,498.625,12,16,ASCENT,ASCENT
23:50.0,204.63,956.06,11.15,42,11.28,12/09/2023,16:08:33,7.1992944,61.6805892,500.188,11,16,ASCENT,ASCENT
23:50.1,204.657,955.94,11.17,42,11.28,12/09/2023,16:08:34,7.1992983,61.680591,501.386,12,16,ASCENT,ASCENT
23:50.1,204.683,955.75,11.15,41.9,11.3,12/09/2023,16:08:35,7.1993024,61.6805934,502.41,11,16,ASCENT,ASCENT
23:50.1,204.709,955.61,11.14,41.8,11.28,12/09/2023,16:08:36,7.1993031,61.6805959,503.594,12,16,ASCENT,ASCENT
23:50.2,204.735,955.53,11.14,41.8,11.31,12/09/2023,16:08:37,7.1993031,61.6805943,504.366,11,16,ASCENT,ASCENT
23:50.2,204.761,955.35,11.12,41.8,11.28,12/09/2023,16:08:38,7.1993029,61.6805969,505.812,12,16,ASCENT,ASCENT
23:50.2,204.787,955.22,11.12,41.7,11.28,12/09/2023,16:08:39,7.1993061,61.6806012,507.535,12,16,ASCENT,ASCENT
23:50.2,204.813,955.1,11.1,41.7,11.28,12/09/2023,16:08:40,7.1993048,61.6806046,509.488,12,16,ASCENT,ASCENT
23:50.3,204.838,954.92,11.09,41.6,11.28,12/09/2023,16:08:41,7.1993041,61.6806064,510.753,11,16,ASCENT,ASCENT
23:50.3,204.864,954.75,11.08,41.6,11.27,12/09/2023,16:08:42,7.1992996,61.6806088,512.295,13,16,ASCENT,ASCENT
23:50.3,204.891,954.63,11.06,41.7,11.28,12/09/2023,16:08:43,7.1992964,61.6806097,513.556,12,16,ASCENT,ASCENT
23:50.3,204.917,954.48,11.05,41.7,11.28,12/09/2023,16:08:44,7.1992963,61.6806089,514.294,12,16,ASCENT,ASCENT
23:50.4,204.943,954.35,11.03,41.7,11.28,12/09/2023,16:08:45,7.1992984,61.6806083,515.272,12,16,ASCENT,ASCENT
23:50.4,204.969,954.23,11,41.7,11.27,12/09/2023,16:08:46,7.1993002,61.680608,516.75,13,16,ASCENT,ASCENT
23:50.4,204.995,954.11,11.01,41.7,11.27,12/09/2023,16:08:47,7.1993009,61.6806077,517.84,13,16,ASCENT,ASCENT
23:50.4,205.021,953.99,11,41.7,11.27,12/09/2023,16:08:48,7.1993031,61.6806062,518.598,13,16,ASCENT,ASCENT
23:50.5,205.047,953.76,10.98,41.7,11.26,12/09/2023,16:08:49,7.199307,61.6806047,519.285,13,16,ASCENT,ASCENT
23:50.5,205.073,953.68,10.98,41.8,11.26,12/09/2023,16:08:50,7.1993043,61.6806069,520.993,13,16,ASCENT,ASCENT
23:50.5,205.099,953.57,10.96,41.8,11.26,12/09/2023,16:08:51,7.1993042,61.6806077,522.052,13,16,ASCENT,ASCENT
23:50.5,205.125,953.44,10.95,41.8,11.24,12/09/2023,16:08:52,7.199304,61.6806084,523.351,13,16,ASCENT,ASCENT
23:50.6,205.151,953.37,10.94,41.8,11.24,12/09/2023,16:08:53,7.1993053,61.6806105,524.85,13,16,ASCENT,ASCENT
23:50.6,205.177,953.18,10.92,41.8,11.23,12/09/2023,16:08:54,7.1993031,61.6806107,526.153,13,16,ASCENT,ASCENT
23:50.6,205.203,953.05,10.92,41.8,11.23,12/09/2023,16:08:55,7.1993019,61.6806109,527.512,13,16,ASCENT,ASCENT
23:50.6,205.229,952.96,10.91,41.8,11.21,12/09/2023,16:08:56,7.1993014,61.6806084,528.269,12,16,ASCENT,ASCENT
23:50.7,205.255,952.82,10.91,41.9,11.21,12/09/2023,16:08:57,7.1993015,61.6806073,529.655,12,16,ASCENT,ASCENT
23:50.7,205.281,952.68,10.89,41.9,11.21,12/09/2023,16:08:58,7.1992988,61.6806053,530.945,12,16,ASCENT,ASCENT
23:50.7,205.308,952.53,10.87,42,11.2,12/09/2023,16:08:59,7.1992964,61.6806043,532.003,13,16,ASCENT,ASCENT
23:50.7,205.333,952.42,10.83,42,11.19,12/09/2023,16:09:00,7.1992964,61.6806036,533.095,12,16,ASCENT,ASCENT
23:50.8,205.359,952.27,10.79,42.2,11.16,12/09/2023,16:09:01,7.1992997,61.6806023,533.772,12,16,ASCENT,ASCENT
23:50.8,205.385,952.15,10.79,42.2,11.16,12/09/2023,16:09:02,7.1993033,61.6806027,535.044,12,16,ASCENT,ASCENT
23:50.8,205.412,951.97,10.78,42.3,11.15,12/09/2023,16:09:03,7.1993046,61.6806023,537.018,12,16,ASCENT,ASCENT
23:50.9,205.438,951.7,10.76,42.3,11.13,12/09/2023,16:09:04,7.1993028,61.6806011,539.937,13,16,ASCENT,ASCENT
23:50.9,205.464,951.39,10.75,42.4,11.12,12/09/2023,16:09:05,7.1993043,61.6806004,542.174,12,16,ASCENT,ASCENT
23:50.9,205.489,951.18,10.71,42.4,11.1,12/09/2023,16:09:06,7.1993076,61.6806007,544.276,12,16,ASCENT,ASCENT
23:50.9,205.516,950.88,10.68,42.4,11.09,12/09/2023,16:09:07,7.1993093,61.6806004,546.512,12,16,ASCENT,ASCENT
23:51.0,205.541,950.7,10.66,42.4,11.08,12/09/2023,16:09:08,7.1993086,61.6806001,548.393,13,16,ASCENT,ASCENT
23:51.0,205.568,950.41,10.71,42.5,11.08,12/09/2023,16:09:09,7.1993082,61.6805991,550.409,12,16,ASCENT,ASCENT
23:51.0,205.594,950.17,10.69,42.5,11.05,12/09/2023,16:09:10,7.1993106,61.6805991,552.284,12,16,ASCENT,ASCENT
23:51.0,205.62,949.95,10.68,42.5,11.05,12/09/2023,16:09:11,7.1993116,61.6805983,554.205,12,16,ASCENT,ASCENT
23:51.1,205.645,949.74,10.65,42.6,11.02,12/09/2023,16:09:12,7.1993148,61.6805977,556.11,12,16,ASCENT,ASCENT
23:51.1,205.672,949.48,10.64,42.6,11.01,12/09/2023,16:09:13,7.1993182,61.6805975,558.151,12,16,ASCENT,ASCENT
23:51.1,205.698,949.24,10.61,42.7,10.99,12/09/2023,16:09:14,7.1993198,61.6805985,560.539,12,16,ASCENT,ASCENT
23:51.1,205.724,949.04,10.6,42.7,10.98,12/09/2023,16:09:15,7.1993207,61.6805995,562.628,12,16,ASCENT,ASCENT
23:51.2,205.751,948.83,10.61,42.6,10.98,12/09/2023,16:09:16,7.1993228,61.680599,564.366,12,16,ASCENT,ASCENT
23:51.2,205.777,948.57,10.59,42.6,10.97,12/09/2023,16:09:17,7.1993217,61.6806001,566.184,13,16,ASCENT,ASCENT
23:51.2,205.803,948.29,10.53,42.7,10.95,12/09/2023,16:09:18,7.1993217,61.6805993,568.13,12,16,ASCENT,ASCENT
23:51.2,205.828,948.07,10.5,42.8,10.92,12/09/2023,16:09:19,7.1993225,61.6805964,569.936,12,16,ASCENT,ASCENT
23:51.3,205.855,947.85,10.5,42.8,10.91,12/09/2023,16:09:20,7.1993229,61.680595,571.647,12,16,ASCENT,ASCENT
23:51.3,205.88,947.62,10.46,42.9,10.88,12/09/2023,16:09:21,7.1993234,61.6805952,573.653,12,16,ASCENT,ASCENT
23:51.3,205.907,947.4,10.42,42.9,10.87,12/09/2023,16:09:22,7.1993253,61.6805939,575.439,12,16,ASCENT,ASCENT
23:51.3,205.933,947.19,10.5,42.8,10.87,12/09/2023,16:09:23,7.1993264,61.6805915,577.279,12,16,ASCENT,ASCENT
23:51.4,205.959,946.97,10.52,42.7,10.85,12/09/2023,16:09:24,7.1993283,61.6805904,579.201,12,16,ASCENT,ASCENT
23:51.4,205.985,946.73,10.48,42.7,10.85,12/09/2023,16:09:25,7.1993277,61.6805905,581.406,13,16,ASCENT,ASCENT
23:51.4,206.011,946.53,10.45,42.7,10.83,12/09/2023,16:09:26,7.1993299,61.6805887,583.211,12,16,ASCENT,ASCENT
23:51.5,206.037,946.36,10.42,42.8,10.81,12/09/2023,16:09:27,7.1993315,61.6805876,585.126,12,16,ASCENT,ASCENT
23:51.5,206.063,946.15,10.43,42.7,10.81,12/09/2023,16:09:28,7.1993336,61.680586,586.85,12,16,ASCENT,ASCENT
23:51.5,206.089,945.9,10.41,42.7,10.79,12/09/2023,16:09:29,7.1993356,61.6805849,588.636,12,16,ASCENT,ASCENT
23:51.5,206.115,945.66,10.44,42.6,10.79,12/09/2023,16:09:30,7.1993363,61.6805831,590.374,12,16,ASCENT,ASCENT
23:51.6,206.141,945.41,10.43,42.6,10.79,12/09/2023,16:09:31,7.1993385,61.6805794,591.664,13,16,ASCENT,ASCENT
23:51.6,206.167,945.17,10.42,42.6,10.76,12/09/2023,16:09:32,7.1993413,61.6805763,593.19,13,16,ASCENT,ASCENT
23:51.6,206.193,944.89,10.39,42.6,10.76,12/09/2023,16:09:33,7.1993416,61.6805753,595.029,14,16,ASCENT,ASCENT
23:51.6,206.219,944.68,10.41,42.5,10.74,12/09/2023,16:09:34,7.1993432,61.6805743,596.699,14,16,ASCENT,ASCENT
23:51.7,206.245,944.48,10.41,42.5,10.74,12/09/2023,16:09:35,7.1993446,61.680573,598.309,13,16,ASCENT,ASCENT
23:51.7,206.272,944.3,10.37,42.5,10.73,12/09/2023,16:09:36,7.1993458,61.6805708,599.861,13,16,ASCENT,ASCENT
23:51.7,206.298,944.04,10.35,42.5,10.72,12/09/2023,16:09:37,7.1993477,61.6805674,601.53,13,16,ASCENT,ASCENT
23:51.7,206.323,943.83,10.33,42.6,10.7,12/09/2023,16:09:38,7.1993468,61.6805655,603.477,14,16,ASCENT,ASCENT
23:51.8,206.349,943.6,10.29,42.6,10.68,12/09/2023,16:09:39,7.199347,61.6805631,604.879,13,16,ASCENT,ASCENT
23:51.8,206.376,943.36,10.29,42.7,10.68,12/09/2023,16:09:40,7.1993471,61.6805617,606.443,13,16,ASCENT,ASCENT
23:51.8,206.402,943.09,10.26,42.7,10.66,12/09/2023,16:09:41,7.1993476,61.6805609,608.178,13,16,ASCENT,ASCENT
23:51.8,206.428,942.9,10.28,42.7,10.65,12/09/2023,16:09:42,7.1993447,61.6805617,610.309,14,16,ASCENT,ASCENT
23:51.9,206.453,942.7,10.26,42.6,10.65,12/09/2023,16:09:43,7.1993449,61.6805609,612.254,13,16,ASCENT,ASCENT
23:51.9,206.479,942.49,10.26,42.7,10.63,12/09/2023,16:09:44,7.1993441,61.6805612,614.34,14,16,ASCENT,ASCENT
23:51.9,206.506,942.26,10.25,42.8,10.61,12/09/2023,16:09:45,7.1993428,61.6805619,616.244,14,16,ASCENT,ASCENT
23:51.9,206.531,942.03,10.2,42.8,10.61,12/09/2023,16:09:46,7.1993442,61.6805622,618.017,13,16,ASCENT,ASCENT
23:52.0,206.558,941.85,10.19,42.9,10.58,12/09/2023,16:09:47,7.1993439,61.6805628,620.17,14,16,ASCENT,ASCENT
23:52.0,206.583,941.6,10.18,42.9,10.55,12/09/2023,16:09:48,7.1993449,61.6805638,622.21,14,16,ASCENT,ASCENT
23:52.0,206.609,941.41,10.18,42.9,10.55,12/09/2023,16:09:48,7.1993449,61.6805638,622.21,14,16,ASCENT,ASCENT
23:52.0,206.61,941.41,10.14,43,10.55,12/09/2023,16:09:49,7.1993427,61.6805635,624.251,14,16,ASCENT,ASCENT
23:52.1,206.635,941.18,10.1,43,10.54,12/09/2023,16:09:50,7.1993415,61.6805628,626.297,14,16,ASCENT,ASCENT
23:52.1,206.661,940.88,10.09,43.1,10.51,12/09/2023,16:09:51,7.1993413,61.6805627,628.487,14,16,ASCENT,ASCENT
23:52.1,206.688,940.62,10.1,43.1,10.51,12/09/2023,16:09:52,7.1993427,61.6805615,630.6,13,16,ASCENT,ASCENT
23:52.1,206.714,940.4,10.08,43.1,10.49,12/09/2023,16:09:53,7.1993451,61.6805608,632.516,13,16,ASCENT,ASCENT
23:52.2,206.74,940.13,10.05,43.1,10.47,12/09/2023,16:09:54,7.1993457,61.6805613,634.742,14,16,ASCENT,ASCENT
23:52.2,206.766,939.9,10.06,43.1,10.46,12/09/2023,16:09:55,7.1993466,61.6805619,637.057,14,16,ASCENT,ASCENT
23:52.2,206.792,939.69,10.06,43.1,10.44,12/09/2023,16:09:56,7.1993488,61.6805621,639.233,13,16,ASCENT,ASCENT
23:52.2,206.818,939.43,10.04,43.1,10.44,12/09/2023,16:09:57,7.1993505,61.6805632,641.352,14,16,ASCENT,ASCENT
23:52.3,206.844,939.22,10.04,43.1,10.42,12/09/2023,16:09:58,7.1993529,61.6805634,643.328,14,16,ASCENT,ASCENT
23:52.3,206.87,938.99,10.02,43,10.42,12/09/2023,16:09:59,7.1993529,61.6805631,645.397,14,16,ASCENT,ASCENT
23:52.3,206.895,938.75,10,43.1,10.39,12/09/2023,16:10:00,7.1993523,61.6805629,647.399,14,16,ASCENT,ASCENT
23:52.3,206.922,938.55,9.99,43.1,10.38,12/09/2023,16:10:01,7.1993525,61.6805626,649.489,14,16,ASCENT,ASCENT
23:52.4,206.948,938.33,9.94,43.2,10.35,12/09/2023,16:10:02,7.199351,61.6805621,651.396,14,16,ASCENT,ASCENT
23:52.4,206.974,938.05,9.94,43.2,10.35,12/09/2023,16:10:03,7.1993515,61.6805617,653.446,14,16,ASCENT,ASCENT
23:52.4,207,937.81,9.9,43.3,10.32,12/09/2023,16:10:04,7.1993549,61.6805615,655.573,14,16,ASCENT,ASCENT
23:52.4,207.026,937.58,9.88,43.3,10.31,12/09/2023,16:10:05,7.1993572,61.6805609,657.822,14,16,ASCENT,ASCENT
23:52.5,207.052,937.32,9.85,43.3,10.31,12/09/2023,16:10:06,7.19936,61.6805599,659.864,14,16,ASCENT,ASCENT
23:52.5,207.078,937.06,9.84,43.4,10.28,12/09/2023,16:10:07,7.1993617,61.6805591,661.934,14,16,ASCENT,ASCENT
23:52.5,207.104,936.82,9.81,43.4,10.26,12/09/2023,16:10:08,7.199362,61.6805583,664.201,14,16,ASCENT,ASCENT
23:52.5,207.13,936.57,9.79,43.4,10.24,12/09/2023,16:10:09,7.1993632,61.6805586,666.465,14,16,ASCENT,ASCENT
23:52.6,207.156,936.28,9.77,43.5,10.22,12/09/2023,16:10:10,7.1993633,61.6805581,668.454,14,16,ASCENT,ASCENT
23:52.6,207.182,936.06,9.75,43.5,10.21,12/09/2023,16:10:11,7.1993632,61.6805575,670.617,14,16,ASCENT,ASCENT
23:52.6,207.208,935.86,9.74,43.5,10.2,12/09/2023,16:10:12,7.1993651,61.6805571,672.919,14,16,ASCENT,ASCENT
23:52.6,207.234,935.55,9.71,43.5,10.18,12/09/2023,16:10:13,7.1993665,61.6805566,675.145,14,16,ASCENT,ASCENT
23:52.7,207.26,935.34,9.7,43.5,10.15,12/09/2023,16:10:14,7.1993663,61.6805555,677.21,14,16,ASCENT,ASCENT
23:52.7,207.286,935.11,9.68,43.5,10.15,12/09/2023,16:10:15,7.1993661,61.6805544,679.574,14,16,ASCENT,ASCENT
23:52.7,207.312,934.86,9.64,43.7,10.13,12/09/2023,16:10:16,7.1993681,61.6805545,681.562,14,16,ASCENT,ASCENT
23:52.8,207.338,934.59,9.63,43.7,10.11,12/09/2023,16:10:17,7.1993696,61.6805546,683.576,14,16,ASCENT,ASCENT
23:52.8,207.365,934.37,9.63,43.7,10.09,12/09/2023,16:10:18,7.1993698,61.6805539,685.628,14,16,ASCENT,ASCENT
23:52.8,207.39,934.17,9.62,43.7,10.07,12/09/2023,16:10:19,7.19937,61.6805532,687.533,14,16,ASCENT,ASCENT
23:52.8,207.416,933.87,9.65,43.6,10.05,12/09/2023,16:10:20,7.1993706,61.680553,689.631,14,16,ASCENT,ASCENT
23:52.9,207.442,933.65,9.64,43.6,10.05,12/09/2023,16:10:21,7.1993709,61.6805525,691.641,14,16,ASCENT,ASCENT
23:52.9,207.468,933.42,9.64,43.6,10.03,12/09/2023,16:10:22,7.1993709,61.680552,693.783,14,16,ASCENT,ASCENT
23:52.9,207.494,933.17,9.63,43.6,10.03,12/09/2023,16:10:23,7.1993723,61.6805513,695.77,14,16,ASCENT,ASCENT
23:52.9,207.52,932.95,9.6,43.6,10.01,12/09/2023,16:10:24,7.1993746,61.6805508,697.754,14,16,ASCENT,ASCENT
23:53.0,207.547,932.7,9.58,43.6,10.01,12/09/2023,16:10:25,7.1993761,61.6805501,699.785,14,16,ASCENT,ASCENT
23:53.0,207.573,932.48,9.57,43.6,9.99,12/09/2023,16:10:26,7.1993781,61.6805493,701.807,14,16,ASCENT,ASCENT
23:53.0,207.599,932.24,9.55,43.7,9.99,12/09/2023,16:10:27,7.1993792,61.6805487,703.808,14,16,ASCENT,ASCENT
23:53.0,207.625,932.03,9.51,43.6,9.96,12/09/2023,16:10:28,7.1993789,61.6805492,705.831,14,16,ASCENT,ASCENT
23:53.1,207.65,931.81,9.51,43.7,9.96,12/09/2023,16:10:29,7.1993795,61.6805493,707.861,14,16,ASCENT,ASCENT
23:53.1,207.677,931.55,9.49,43.7,9.95,12/09/2023,16:10:30,7.1993827,61.680549,709.967,14,16,ASCENT,ASCENT
23:53.1,207.703,931.34,9.48,43.8,9.94,12/09/2023,16:10:31,7.1993843,61.6805492,712.005,14,16,ASCENT,ASCENT
23:53.1,207.729,931.1,9.45,43.8,9.94,12/09/2023,16:10:32,7.1993827,61.6805485,714.131,14,16,ASCENT,ASCENT
23:53.2,207.755,930.84,9.43,43.8,9.91,12/09/2023,16:10:33,7.1993823,61.680548,716.028,14,16,ASCENT,ASCENT
23:53.2,207.781,930.61,9.4,43.9,9.9,12/09/2023,16:10:34,7.199382,61.6805485,717.912,14,16,ASCENT,ASCENT
23:53.2,207.806,930.37,9.37,44,9.88,12/09/2023,16:10:35,7.199381,61.6805479,719.905,14,16,ASCENT,ASCENT
23:53.2,207.833,930.14,9.31,44.2,9.88,12/09/2023,16:10:36,7.1993803,61.6805472,721.981,14,16,ASCENT,ASCENT
23:53.3,207.858,929.96,9.3,44.2,9.85,12/09/2023,16:10:37,7.1993791,61.6805465,723.946,14,16,ASCENT,ASCENT
23:53.3,207.884,929.68,9.27,44.3,9.84,12/09/2023,16:10:38,7.1993772,61.6805455,726.031,14,16,ASCENT,ASCENT
23:53.3,207.911,929.43,9.24,44.3,9.83,12/09/2023,16:10:39,7.1993744,61.6805436,728.005,14,16,ASCENT,ASCENT
23:53.4,207.937,929.24,9.25,44.2,9.81,12/09/2023,16:10:40,7.1993716,61.6805414,729.83,14,16,ASCENT,ASCENT
23:53.4,207.963,928.98,9.24,44.3,9.79,12/09/2023,16:10:41,7.1993702,61.6805403,731.803,14,16,ASCENT,ASCENT
23:53.4,207.989,928.75,9.18,44.4,9.77,12/09/2023,16:10:42,7.1993688,61.6805396,733.751,14,16,ASCENT,ASCENT
23:53.4,208.015,928.49,9.12,44.5,9.77,12/09/2023,16:10:43,7.1993671,61.6805391,735.753,14,16,ASCENT,ASCENT
23:53.5,208.042,928.33,9.11,44.6,9.73,12/09/2023,16:10:44,7.1993673,61.6805391,737.788,14,16,ASCENT,ASCENT
23:53.5,208.068,928.13,9.09,44.6,9.74,12/09/2023,16:10:45,7.1993672,61.6805385,739.695,14,16,ASCENT,ASCENT
23:53.5,208.094,927.89,9.11,44.6,9.72,12/09/2023,16:10:46,7.1993651,61.6805371,741.468,14,16,ASCENT,ASCENT
23:53.5,208.12,927.63,9.11,44.6,9.69,12/09/2023,16:10:47,7.1993633,61.6805356,743.523,14,16,ASCENT,ASCENT
23:53.6,208.146,927.36,9.12,44.6,9.67,12/09/2023,16:10:48,7.1993625,61.6805342,745.42,14,16,ASCENT,ASCENT
23:53.6,208.172,927.17,9.11,44.6,9.65,12/09/2023,16:10:49,7.1993616,61.6805333,747.305,14,16,ASCENT,ASCENT
23:53.6,208.198,926.96,9.08,44.6,9.63,12/09/2023,16:10:50,7.1993623,61.6805328,749.303,14,16,ASCENT,ASCENT
23:53.6,208.224,926.7,9.06,44.6,9.62,12/09/2023,16:10:51,7.1993639,61.6805329,751.445,14,16,ASCENT,ASCENT
23:53.7,208.25,926.47,9.03,44.6,9.59,12/09/2023,16:10:52,7.1993645,61.6805326,753.569,14,16,ASCENT,ASCENT
23:53.7,208.277,926.25,9.01,44.6,9.59,12/09/2023,16:10:53,7.199365,61.6805323,755.566,14,16,ASCENT,ASCENT
23:53.7,208.302,926.04,8.99,44.5,9.56,12/09/2023,16:10:54,7.1993659,61.6805329,757.739,14,16,ASCENT,ASCENT
23:53.7,208.329,925.79,8.97,44.6,9.53,12/09/2023,16:10:55,7.1993677,61.6805331,759.649,14,16,ASCENT,ASCENT
23:53.8,208.354,925.54,8.95,44.6,9.51,12/09/2023,16:10:56,7.1993695,61.6805327,761.578,14,16,ASCENT,ASCENT
23:53.8,208.38,925.3,8.94,44.6,9.5,12/09/2023,16:10:57,7.1993706,61.680533,763.648,14,16,ASCENT,ASCENT
23:53.8,208.406,925.1,8.92,44.7,9.46,12/09/2023,16:10:58,7.1993714,61.6805324,765.681,14,16,ASCENT,ASCENT
23:53.8,208.432,924.86,8.9,44.8,9.46,12/09/2023,16:10:59,7.199372,61.6805315,767.661,14,16,ASCENT,ASCENT
23:53.9,208.458,924.68,8.87,44.8,9.44,12/09/2023,16:11:00,7.1993714,61.6805316,769.586,14,16,ASCENT,ASCENT
23:53.9,208.484,924.39,8.85,44.8,9.43,12/09/2023,16:11:01,7.1993719,61.6805321,771.653,14,16,ASCENT,ASCENT
23:53.9,208.511,924.18,8.85,44.9,9.4,12/09/2023,16:11:02,7.1993731,61.6805314,773.375,14,16,ASCENT,ASCENT
23:54.0,208.536,923.97,8.82,44.9,9.39,12/09/2023,16:11:03,7.1993717,61.6805301,775.293,14,16,ASCENT,ASCENT
23:54.0,208.562,923.72,8.77,45,9.37,12/09/2023,16:11:04,7.1993703,61.6805299,777.445,14,16,ASCENT,ASCENT
23:54.0,208.588,923.49,8.76,45.1,9.35,12/09/2023,16:11:05,7.1993694,61.6805299,779.322,14,16,ASCENT,ASCENT
23:54.0,208.614,923.24,8.7,45.1,9.32,12/09/2023,16:11:06,7.1993707,61.6805303,781.358,14,16,ASCENT,ASCENT
23:54.1,208.64,923.04,8.69,45.2,9.31,12/09/2023,16:11:07,7.1993723,61.6805301,783.487,14,16,ASCENT,ASCENT
23:54.1,208.667,922.81,8.65,45.3,9.28,12/09/2023,16:11:08,7.1993725,61.6805304,785.988,14,16,ASCENT,ASCENT
23:54.1,208.692,922.52,8.64,45.3,9.26,12/09/2023,16:11:09,7.1993751,61.6805308,788.157,14,16,ASCENT,ASCENT
23:54.1,208.719,922.27,8.63,45.4,9.24,12/09/2023,16:11:10,7.1993762,61.6805317,790.339,14,16,ASCENT,ASCENT
23:54.2,208.745,922.06,8.6,45.4,9.19,12/09/2023,16:11:11,7.199377,61.6805322,792.501,14,16,ASCENT,ASCENT
23:54.2,208.771,921.83,8.58,45.4,9.18,12/09/2023,16:11:12,7.1993786,61.6805328,794.735,14,16,ASCENT,ASCENT
23:54.2,208.797,921.53,8.57,45.5,9.17,12/09/2023,16:11:13,7.199379,61.6805337,796.943,14,16,ASCENT,ASCENT
23:54.2,208.823,921.36,8.54,45.5,9.15,12/09/2023,16:11:14,7.1993793,61.6805339,798.924,14,16,ASCENT,ASCENT
23:54.3,208.848,921.1,8.52,45.6,9.13,12/09/2023,16:11:15,7.1993789,61.6805336,800.959,14,16,ASCENT,ASCENT
23:54.3,208.874,920.85,8.48,45.6,9.11,12/09/2023,16:11:16,7.1993788,61.6805327,803.037,14,16,ASCENT,ASCENT
23:54.3,208.902,920.62,8.47,45.7,9.08,12/09/2023,16:11:17,7.1993792,61.6805327,805.177,14,16,ASCENT,ASCENT
23:54.3,208.926,920.36,8.46,45.7,9.06,12/09/2023,16:11:18,7.1993807,61.6805333,807.15,14,16,ASCENT,ASCENT
23:54.4,208.953,920.11,8.45,45.8,9.04,12/09/2023,16:11:19,7.1993817,61.6805337,808.891,14,16,ASCENT,ASCENT
23:54.4,208.978,919.89,8.43,45.9,9.03,12/09/2023,16:11:20,7.1993815,61.6805343,811.016,14,16,ASCENT,ASCENT
23:54.4,209.004,919.6,8.41,45.9,9,12/09/2023,16:11:21,7.1993821,61.6805336,813.038,14,16,ASCENT,ASCENT
23:54.4,209.031,919.42,8.42,46,9,12/09/2023,16:11:22,7.1993817,61.6805324,815.084,14,16,ASCENT,ASCENT
23:54.5,209.056,919.19,8.38,46.1,8.97,12/09/2023,16:11:23,7.1993816,61.6805317,817.209,14,16,ASCENT,ASCENT
23:54.5,209.083,918.89,8.37,46.2,8.97,12/09/2023,16:11:24,7.1993813,61.6805311,819.278,14,16,ASCENT,ASCENT
23:54.5,209.109,918.67,8.36,46.3,8.95,12/09/2023,16:11:25,7.1993795,61.6805308,821.489,14,16,ASCENT,ASCENT
23:54.6,209.135,918.43,8.36,46.6,8.92,12/09/2023,16:11:26,7.1993791,61.6805309,823.738,14,16,ASCENT,ASCENT
23:54.6,209.16,918.2,8.37,46.8,8.9,12/09/2023,16:11:27,7.1993782,61.6805313,825.951,14,16,ASCENT,ASCENT
23:54.6,209.187,917.94,8.36,47,8.89,12/09/2023,16:11:28,7.1993779,61.6805314,828.098,14,16,ASCENT,ASCENT
23:54.6,209.213,917.73,8.38,47.1,8.88,12/09/2023,16:11:29,7.1993779,61.6805313,830.172,14,16,ASCENT,ASCENT
23:54.7,209.239,917.48,8.36,47.2,8.88,12/09/2023,16:11:30,7.199378,61.6805304,831.719,14,16,ASCENT,ASCENT
23:54.7,209.265,917.42,8.31,47.1,8.86,12/09/2023,16:11:31,7.1993776,61.68053,832.18,14,16,ASCENT,ASCENT
23:54.7,209.291,917.49,8.31,47.3,8.86,12/09/2023,16:11:32,7.1993784,61.6805306,832.114,14,16,ASCENT,ASCENT
