Navn;Stasjon;Tid(norsk normaltid);Vindretning;Middelvind;Lufttemperatur
Spørteggbu;SN55425;10.09.2023 01:00;252;8,2;9,2
Spørteggbu;SN55425;10.09.2023 02:00;267;8,4;8,9
Spørteggbu;SN55425;10.09.2023 03:00;241;8;8,7
Spørteggbu;SN55425;10.09.2023 04:00;233;8,8;8,4
Spørteggbu;SN55425;10.09.2023 05:00;271;9,6;8,3
Spørteggbu;SN55425;10.09.2023 06:00;260;9,9;8,5
Spørteggbu;SN55425;10.09.2023 07:00;265;10,5;8,3
Spørteggbu;SN55425;10.09.2023 08:00;264;10;8,2
Spørteggbu;SN55425;10.09.2023 09:00;259;8,8;8,2
Spørteggbu;SN55425;10.09.2023 10:00;262;9,2;8,3
Spørteggbu;SN55425;10.09.2023 11:00;273;7,2;8,2
Spørteggbu;SN55425;10.09.2023 12:00;253;8,2;8,3
Spørteggbu;SN55425;10.09.2023 13:00;256;7,4;8,1
Spørteggbu;SN55425;10.09.2023 14:00;271;4,9;8,2
Spørteggbu;SN55425;10.09.2023 15:00;264;5,6;7,8
Spørteggbu;SN55425;10.09.2023 16:00;277;5,3;7,8
Spørteggbu;SN55425;10.09.2023 17:00;268;5,6;7,6
Spørteggbu;SN55425;10.09.2023 18:00;261;7,4;7,5
Spørteggbu;SN55425;10.09.2023 19:00;217;4,5;7,6
Spørteggbu;SN55425;10.09.2023 20:00;196;5,1;7,6
Spørteggbu;SN55425;10.09.2023 21:00;201;7,3;7,8
Spørteggbu;SN55425;10.09.2023 22:00;188;8,4;7,7
Spørteggbu;SN55425;10.09.2023 23:00;243;10,9;7,6
Spørteggbu;SN55425;11.09.2023 00:00;232;6,4;7,9
Spørteggbu;SN55425;11.09.2023 01:00;205;9,9;8,2
Spørteggbu;SN55425;11.09.2023 02:00;200;5,7;8
Spørteggbu;SN55425;11.09.2023 03:00;189;6,7;8
Spørteggbu;SN55425;11.09.2023 04:00;209;9,2;8,2
Spørteggbu;SN55425;11.09.2023 05:00;185;7,6;8
Spørteggbu;SN55425;11.09.2023 06:00;163;8,2;7,9
Spørteggbu;SN55425;11.09.2023 07:00;150;9,5;7,4
Spørteggbu;SN55425;11.09.2023 08:00;160;12,3;7,9
Spørteggbu;SN55425;11.09.2023 09:00;171;11,5;8,3
Spørteggbu;SN55425;11.09.2023 10:00;207;14,5;8,9
Spørteggbu;SN55425;11.09.2023 11:00;222;9,5;9,3
Spørteggbu;SN55425;11.09.2023 12:00;240;11,9;9,6
Spørteggbu;SN55425;11.09.2023 13:00;234;10,6;9,6
Spørteggbu;SN55425;11.09.2023 14:00;243;16,7;9,7
Spørteggbu;SN55425;11.09.2023 15:00;224;10,2;9,7
Spørteggbu;SN55425;11.09.2023 16:00;239;10,7;9,1
Spørteggbu;SN55425;11.09.2023 17:00;240;9,4;8,8
Spørteggbu;SN55425;11.09.2023 18:00;227;6,6;8,8
Spørteggbu;SN55425;11.09.2023 19:00;280;8,4;8,3
Spørteggbu;SN55425;11.09.2023 20:00;275;8,2;7,1
Spørteggbu;SN55425;11.09.2023 21:00;271;5,3;6
Spørteggbu;SN55425;11.09.2023 22:00;259;6,4;5,6
Spørteggbu;SN55425;11.09.2023 23:00;261;6,1;4,6
Spørteggbu;SN55425;12.09.2023 00:00;246;6,6;4,3
Spørteggbu;SN55425;12.09.2023 01:00;288;4,5;3,7
Spørteggbu;SN55425;12.09.2023 02:00;335;2,9;3,1
Spørteggbu;SN55425;12.09.2023 03:00;289;3,3;1,8
Spørteggbu;SN55425;12.09.2023 04:00;295;2,1;1,4
Spørteggbu;SN55425;12.09.2023 05:00;193;2,2;1,4
Spørteggbu;SN55425;12.09.2023 06:00;259;7,3;1,6
Spørteggbu;SN55425;12.09.2023 07:00;208;5,4;1,4
Spørteggbu;SN55425;12.09.2023 08:00;248;4,9;1,6
Spørteggbu;SN55425;12.09.2023 09:00;229;4,3;2,2
Spørteggbu;SN55425;12.09.2023 10:00;280;6,3;1,7
Spørteggbu;SN55425;12.09.2023 11:00;265;6,6;1,8
Spørteggbu;SN55425;12.09.2023 12:00;273;6,7;2,3
Spørteggbu;SN55425;12.09.2023 13:00;270;5,6;2,1
Spørteggbu;SN55425;12.09.2023 14:00;284;7,5;2,3
Spørteggbu;SN55425;12.09.2023 15:00;269;8,7;1,8
Spørteggbu;SN55425;12.09.2023 16:00;273;7;1,8
Spørteggbu;SN55425;12.09.2023 17:00;282;9,7;1,5
Spørteggbu;SN55425;12.09.2023 18:00;294;9,4;1,2
Spørteggbu;SN55425;12.09.2023 19:00;327;8,8;0,4
Spørteggbu;SN55425;12.09.2023 20:00;303;6,8;0,2
Spørteggbu;SN55425;12.09.2023 21:00;330;6,3;-0,2
Spørteggbu;SN55425;12.09.2023 22:00;328;3,5;-0,3
Spørteggbu;SN55425;12.09.2023 23:00;350;2,2;-0,7
Spørteggbu;SN55425;13.09.2023 00:00;303;1,9;-0,7
Spørteggbu;SN55425;13.09.2023 01:00;304;3,7;-0,8
Spørteggbu;SN55425;13.09.2023 02:00;333;3,8;-1,3
Spørteggbu;SN55425;13.09.2023 03:00;348;4,2;-1,5
Spørteggbu;SN55425;13.09.2023 04:00;314;3,3;-1,5
Spørteggbu;SN55425;13.09.2023 05:00;341;3,9;-1,9
Spørteggbu;SN55425;13.09.2023 06:00;331;2,3;-1,8
Spørteggbu;SN55425;13.09.2023 07:00;360;3,1;-1,8
Spørteggbu;SN55425;13.09.2023 08:00;360;3,8;-2,3
Spørteggbu;SN55425;13.09.2023 09:00;5;2,7;-1,8
Spørteggbu;SN55425;13.09.2023 10:00;4;2,9;-1,2
Spørteggbu;SN55425;13.09.2023 11:00;329;0,8;-0,9
Spørteggbu;SN55425;13.09.2023 12:00;7;1,1;0,2
Spørteggbu;SN55425;13.09.2023 13:00;1;1,1;-0,1
Spørteggbu;SN55425;13.09.2023 14:00;293;3,1;1,5
Spørteggbu;SN55425;13.09.2023 15:00;284;3;1,4
Spørteggbu;SN55425;13.09.2023 16:00;310;2,6;2,2
Spørteggbu;SN55425;13.09.2023 17:00;300;2;1,8
Spørteggbu;SN55425;13.09.2023 18:00;360;1;1,1
Spørteggbu;SN55425;13.09.2023 19:00;330;1;0,4
Spørteggbu;SN55425;13.09.2023 20:00;286;0,8;-0,1
Spørteggbu;SN55425;13.09.2023 21:00;125;1,2;0
Spørteggbu;SN55425;13.09.2023 22:00;143;2,6;-0,2
Spørteggbu;SN55425;13.09.2023 23:00;141;3,9;-0,1
Spørteggbu;SN55425;14.09.2023 00:00;146;6;0,2
Spørteggbu;SN55425;14.09.2023 01:00;141;7,9;-0,1
Spørteggbu;SN55425;14.09.2023 02:00;141;8,7;-0,1
Spørteggbu;SN55425;14.09.2023 03:00;149;7,5;0
Spørteggbu;SN55425;14.09.2023 04:00;159;7,3;-0,3
Spørteggbu;SN55425;14.09.2023 05:00;156;8,4;-0,3
Spørteggbu;SN55425;14.09.2023 06:00;152;8,9;-0,4
Spørteggbu;SN55425;14.09.2023 07:00;153;8,6;-0,3
Spørteggbu;SN55425;14.09.2023 08:00;159;9;-0,2
Spørteggbu;SN55425;14.09.2023 09:00;168;8,8;-0,1
Spørteggbu;SN55425;14.09.2023 10:00;166;8,3;0,3
Spørteggbu;SN55425;14.09.2023 11:00;164;7,9;0,6
Spørteggbu;SN55425;14.09.2023 12:00;148;10;1,4
Spørteggbu;SN55425;14.09.2023 13:00;167;8,6;1,6
Spørteggbu;SN55425;14.09.2023 14:00;163;9,5;2
Spørteggbu;SN55425;14.09.2023 15:00;177;7,4;0,5
Spørteggbu;SN55425;14.09.2023 16:00;179;7,1;0,1
Spørteggbu;SN55425;14.09.2023 17:00;160;9,4;0
Spørteggbu;SN55425;14.09.2023 18:00;157;9,3;0
Spørteggbu;SN55425;14.09.2023 19:00;168;11,6;0,3
Spørteggbu;SN55425;14.09.2023 20:00;159;9,3;0,9
Spørteggbu;SN55425;14.09.2023 21:00;190;7,8;1,1
Spørteggbu;SN55425;14.09.2023 22:00;197;8,3;1,3
Spørteggbu;SN55425;14.09.2023 23:00;224;10;1,4
Spørteggbu;SN55425;15.09.2023 00:00;225;5,6;1,5
Spørteggbu;SN55425;15.09.2023 01:00;225;6,8;1,4
Spørteggbu;SN55425;15.09.2023 02:00;210;8,4;1,2
Spørteggbu;SN55425;15.09.2023 03:00;236;8,3;1,2
Spørteggbu;SN55425;15.09.2023 04:00;203;9,1;1,3
Spørteggbu;SN55425;15.09.2023 05:00;204;12;1,3
Spørteggbu;SN55425;15.09.2023 06:00;217;9;1,3
Spørteggbu;SN55425;15.09.2023 07:00;236;8,2;1,3
Spørteggbu;SN55425;15.09.2023 08:00;247;8,4;1,3
Spørteggbu;SN55425;15.09.2023 09:00;243;7,8;1,7
Spørteggbu;SN55425;15.09.2023 10:00;229;4,2;1,7
Spørteggbu;SN55425;15.09.2023 11:00;241;4,3;2
Spørteggbu;SN55425;15.09.2023 12:00;256;7,4;2,5
Spørteggbu;SN55425;15.09.2023 13:00;202;7,6;2
Spørteggbu;SN55425;15.09.2023 14:00;257;8,1;2,3
Spørteggbu;SN55425;15.09.2023 15:00;240;5,3;2,8
Spørteggbu;SN55425;15.09.2023 16:00;204;6,7;2,5
Spørteggbu;SN55425;15.09.2023 17:00;215;5,1;2,2
Spørteggbu;SN55425;15.09.2023 18:00;203;8;1,8
Spørteggbu;SN55425;15.09.2023 19:00;196;6,7;1,6
Spørteggbu;SN55425;15.09.2023 20:00;196;9,4;1,1
Spørteggbu;SN55425;15.09.2023 21:00;204;7;0,9
Spørteggbu;SN55425;15.09.2023 22:00;231;5,9;1,1
Spørteggbu;SN55425;15.09.2023 23:00;218;3;0,7
Spørteggbu;SN55425;16.09.2023 00:00;244;5,4;1
Spørteggbu;SN55425;16.09.2023 01:00;239;3,5;0,7
Spørteggbu;SN55425;16.09.2023 02:00;250;3,8;0,7
Spørteggbu;SN55425;16.09.2023 03:00;277;3,5;0,8
Spørteggbu;SN55425;16.09.2023 04:00;310;2,1;0,6
Spørteggbu;SN55425;16.09.2023 05:00;278;2,2;0,6
Spørteggbu;SN55425;16.09.2023 06:00;247;2,8;0,7
Spørteggbu;SN55425;16.09.2023 07:00;219;1,6;0,8
Spørteggbu;SN55425;16.09.2023 08:00;250;1,6;0,8
Spørteggbu;SN55425;16.09.2023 09:00;225;2,3;1,1
Spørteggbu;SN55425;16.09.2023 10:00;215;1,3;1,1
Spørteggbu;SN55425;16.09.2023 11:00;222;1,3;1,2
Spørteggbu;SN55425;16.09.2023 12:00;227;1,3;1,4
Spørteggbu;SN55425;16.09.2023 13:00;233;2,4;1,4
Spørteggbu;SN55425;16.09.2023 14:00;243;2,3;0,7
Spørteggbu;SN55425;16.09.2023 15:00;313;2,8;1
Spørteggbu;SN55425;16.09.2023 16:00;264;1,3;1,4
Spørteggbu;SN55425;16.09.2023 17:00;268;3,5;1,2
Spørteggbu;SN55425;16.09.2023 18:00;284;2,2;1,1
Spørteggbu;SN55425;16.09.2023 19:00;292;3,7;0,8
Spørteggbu;SN55425;16.09.2023 20:00;360;4,2;0,1
Spørteggbu;SN55425;16.09.2023 21:00;360;3,2;-0,2
Spørteggbu;SN55425;16.09.2023 22:00;360;2,3;-0,4
Spørteggbu;SN55425;16.09.2023 23:00;0;0;-0,6
Spørteggbu;SN55425;17.09.2023 00:00;0;0;-0,7
Spørteggbu;SN55425;17.09.2023 01:00;0;0;-0,8
Spørteggbu;SN55425;17.09.2023 02:00;0;0;-1,1
Spørteggbu;SN55425;17.09.2023 03:00;0;0;-1,3
Spørteggbu;SN55425;17.09.2023 04:00;0;0;-1,3
Spørteggbu;SN55425;17.09.2023 05:00;0;0;-1,8
Spørteggbu;SN55425;17.09.2023 06:00;0;0;-1,3
Spørteggbu;SN55425;17.09.2023 07:00;0;0;-0,4
Spørteggbu;SN55425;17.09.2023 08:00;0;0;-0,4
Spørteggbu;SN55425;17.09.2023 09:00;134;0,5;0,7
Spørteggbu;SN55425;17.09.2023 10:00;111;4,2;1
Spørteggbu;SN55425;17.09.2023 11:00;156;3,2;2,3
Spørteggbu;SN55425;17.09.2023 12:00;155;4,2;2,6
Spørteggbu;SN55425;17.09.2023 13:00;170;5,4;3,2
Spørteggbu;SN55425;17.09.2023 14:00;169;4,3;3,9
Spørteggbu;SN55425;17.09.2023 15:00;171;3,9;4,2
Spørteggbu;SN55425;17.09.2023 16:00;188;2,3;4,9
Spørteggbu;SN55425;17.09.2023 17:00;173;4;4,6
Spørteggbu;SN55425;17.09.2023 18:00;161;5,1;4,6
Spørteggbu;SN55425;17.09.2023 19:00;155;6,4;4,1
Spørteggbu;SN55425;17.09.2023 20:00;141;7,7;3,6
Spørteggbu;SN55425;17.09.2023 21:00;147;6;3,5
Spørteggbu;SN55425;17.09.2023 22:00;150;8;3,1
Spørteggbu;SN55425;17.09.2023 23:00;152;6,4;2,6
Spørteggbu;SN55425;18.09.2023 00:00;140;10,4;2,2
Spørteggbu;SN55425;18.09.2023 01:00;142;11,3;2,6
Spørteggbu;SN55425;18.09.2023 02:00;160;9,3;2,4
Spørteggbu;SN55425;18.09.2023 03:00;156;7,6;2,3
Spørteggbu;SN55425;18.09.2023 04:00;116;7,7;1,8
Spørteggbu;SN55425;18.09.2023 05:00;114;7,5;1,8
Spørteggbu;SN55425;18.09.2023 06:00;138;9,1;2,8
Spørteggbu;SN55425;18.09.2023 07:00;135;10,4;3,3
Spørteggbu;SN55425;18.09.2023 08:00;158;15,4;3,6
Spørteggbu;SN55425;18.09.2023 09:00;137;12,6;2,5
Spørteggbu;SN55425;18.09.2023 10:00;140;13,1;3,3
Spørteggbu;SN55425;18.09.2023 11:00;140;16,8;3,4
Spørteggbu;SN55425;18.09.2023 12:00;155;13,1;3,6
Spørteggbu;SN55425;18.09.2023 13:00;137;12,5;3,7
Spørteggbu;SN55425;18.09.2023 14:00;136;12,1;4
Spørteggbu;SN55425;18.09.2023 15:00;143;9,8;4,2
Spørteggbu;SN55425;18.09.2023 16:00;156;9,1;4,3
Spørteggbu;SN55425;18.09.2023 17:00;112;11,3;3,7
Spørteggbu;SN55425;18.09.2023 18:00;166;11,4;4,5
Spørteggbu;SN55425;18.09.2023 19:00;153;16,8;4,7
Spørteggbu;SN55425;18.09.2023 20:00;156;20,3;5,2
Spørteggbu;SN55425;18.09.2023 21:00;148;14,8;5
Spørteggbu;SN55425;18.09.2023 22:00;154;13,6;5,2
Spørteggbu;SN55425;18.09.2023 23:00;136;13,3;4,8
Spørteggbu;SN55425;19.09.2023 00:00;140;13,3;4,9
Spørteggbu;SN55425;19.09.2023 01:00;155;11,8;5,1
Spørteggbu;SN55425;19.09.2023 02:00;159;9,3;4,8
Spørteggbu;SN55425;19.09.2023 03:00;160;11,7;5
Spørteggbu;SN55425;19.09.2023 04:00;151;10,6;4,9
Spørteggbu;SN55425;19.09.2023 05:00;136;14,4;5,3
Spørteggbu;SN55425;19.09.2023 06:00;142;8,5;5,2
Spørteggbu;SN55425;19.09.2023 07:00;109;6,5;4
Spørteggbu;SN55425;19.09.2023 08:00;138;8,2;4,8
Spørteggbu;SN55425;19.09.2023 09:00;253;3,7;3,1
Spørteggbu;SN55425;19.09.2023 10:00;327;5,7;2
Spørteggbu;SN55425;19.09.2023 11:00;358;7,2;0,5
Spørteggbu;SN55425;19.09.2023 12:00;330;7,3;0,4
Spørteggbu;SN55425;19.09.2023 13:00;329;5,6;0,3
Spørteggbu;SN55425;19.09.2023 14:00;283;5,9;0,6
Spørteggbu;SN55425;19.09.2023 15:00;271;5,3;0,5
Spørteggbu;SN55425;19.09.2023 16:00;284;7,6;0,7
Spørteggbu;SN55425;19.09.2023 17:00;283;5,9;0,1
Spørteggbu;SN55425;19.09.2023 18:00;282;5,5;0
Spørteggbu;SN55425;19.09.2023 19:00;270;6,1;-0,2
Spørteggbu;SN55425;19.09.2023 20:00;294;4,4;-0,4
Spørteggbu;SN55425;19.09.2023 21:00;267;7,1;-0,8
Spørteggbu;SN55425;19.09.2023 22:00;264;6,3;-0,7
Spørteggbu;SN55425;19.09.2023 23:00;270;5,4;-0,8
Spørteggbu;SN55425;20.09.2023 00:00;282;6,3;-0,9
Spørteggbu;SN55425;20.09.2023 01:00;278;6,6;-1,2
Spørteggbu;SN55425;20.09.2023 02:00;264;4,9;-1
Spørteggbu;SN55425;20.09.2023 03:00;264;7,1;-0,9
Spørteggbu;SN55425;20.09.2023 04:00;274;6,7;-1,2
Spørteggbu;SN55425;20.09.2023 05:00;261;5,9;-0,9
Spørteggbu;SN55425;20.09.2023 06:00;279;4,7;-0,9
Spørteggbu;SN55425;20.09.2023 07:00;175;1,5;-0,7
Spørteggbu;SN55425;20.09.2023 08:00;189;3,2;-0,8
Spørteggbu;SN55425;20.09.2023 09:00;153;4,4;-0,4
Spørteggbu;SN55425;20.09.2023 10:00;111;4,5;0
Spørteggbu;SN55425;20.09.2023 11:00;148;5,8;0
Spørteggbu;SN55425;20.09.2023 12:00;147;4,4;0
Spørteggbu;SN55425;20.09.2023 13:00;150;5;0,8
Spørteggbu;SN55425;20.09.2023 14:00;169;4,9;1,5
Spørteggbu;SN55425;20.09.2023 15:00;161;8,3;2
Spørteggbu;SN55425;20.09.2023 16:00;137;6,1;2,7
Spørteggbu;SN55425;20.09.2023 17:00;161;9,9;3,5
Spørteggbu;SN55425;20.09.2023 18:00;161;12,6;4,3
Spørteggbu;SN55425;20.09.2023 19:00;178;11,3;5,6
Spørteggbu;SN55425;20.09.2023 20:00;207;12,5;6,4
Spørteggbu;SN55425;20.09.2023 21:00;190;10,9;6,5
Spørteggbu;SN55425;20.09.2023 22:00;195;11,1;6,5
Spørteggbu;SN55425;20.09.2023 23:00;197;7,9;6,5
Spørteggbu;SN55425;21.09.2023 00:00;175;9,9;6,6
Spørteggbu;SN55425;21.09.2023 01:00;167;10,2;6,5
Spørteggbu;SN55425;21.09.2023 02:00;233;7,5;6,3
Spørteggbu;SN55425;21.09.2023 03:00;238;8,6;5,6
Spørteggbu;SN55425;21.09.2023 04:00;203;12,7;5,7
Spørteggbu;SN55425;21.09.2023 05:00;207;9,3;5,5
Spørteggbu;SN55425;21.09.2023 06:00;175;7;5,7
Spørteggbu;SN55425;21.09.2023 07:00;151;9,9;5,6
Spørteggbu;SN55425;21.09.2023 08:00;157;8,2;5,3
Spørteggbu;SN55425;21.09.2023 09:00;166;5,3;5,2
Spørteggbu;SN55425;21.09.2023 10:00;340;1,9;3,6
Spørteggbu;SN55425;21.09.2023 11:00;272;5,8;4
Spørteggbu;SN55425;21.09.2023 12:00;239;5,5;4,1
Spørteggbu;SN55425;21.09.2023 13:00;205;10,3;4,4
Spørteggbu;SN55425;21.09.2023 14:00;218;5;4
Spørteggbu;SN55425;21.09.2023 15:00;201;8,1;4,1
Spørteggbu;SN55425;21.09.2023 16:00;185;7;4,2
Spørteggbu;SN55425;21.09.2023 17:00;189;8,6;4,4
Spørteggbu;SN55425;21.09.2023 18:00;214;8,7;4,2
Spørteggbu;SN55425;21.09.2023 19:00;213;7,7;4,2
Spørteggbu;SN55425;21.09.2023 20:00;224;4,1;4
Spørteggbu;SN55425;21.09.2023 21:00;194;4,1;4,1
Spørteggbu;SN55425;21.09.2023 22:00;196;4,6;3,9
Spørteggbu;SN55425;21.09.2023 23:00;188;4,5;3,8
Spørteggbu;SN55425;22.09.2023 00:00;188;5;3,7
Spørteggbu;SN55425;22.09.2023 01:00;191;5;3,5
Spørteggbu;SN55425;22.09.2023 02:00;171;6,9;3,3
Spørteggbu;SN55425;22.09.2023 03:00;171;3,5;3,2
Spørteggbu;SN55425;22.09.2023 04:00;184;4,8;3,4
Spørteggbu;SN55425;22.09.2023 05:00;112;5,7;2,5
Spørteggbu;SN55425;22.09.2023 06:00;118;8,3;1,8
Spørteggbu;SN55425;22.09.2023 07:00;106;4,4;1,5
Spørteggbu;SN55425;22.09.2023 08:00;94;2,3;1,8
Spørteggbu;SN55425;22.09.2023 09:00;100;0,8;1,8
Spørteggbu;SN55425;22.09.2023 10:00;168;0,8;2,9
Spørteggbu;SN55425;22.09.2023 11:00;0;0;4,3
Spørteggbu;SN55425;22.09.2023 12:00;272;1,9;3,4
Spørteggbu;SN55425;22.09.2023 13:00;272;2,5;3,7
Spørteggbu;SN55425;22.09.2023 14:00;281;3,4;3,7
Spørteggbu;SN55425;22.09.2023 15:00;303;3,6;3,9
Spørteggbu;SN55425;22.09.2023 16:00;283;3,8;4,6
Spørteggbu;SN55425;22.09.2023 17:00;241;1,5;4,8
Spørteggbu;SN55425;22.09.2023 18:00;176;3,4;3,3
Spørteggbu;SN55425;22.09.2023 19:00;201;4,7;3,3
Spørteggbu;SN55425;22.09.2023 20:00;204;5,5;3,1
Spørteggbu;SN55425;22.09.2023 21:00;191;6,9;2,3
Spørteggbu;SN55425;22.09.2023 22:00;226;4,8;2
Spørteggbu;SN55425;22.09.2023 23:00;202;6,3;1,9
Spørteggbu;SN55425;23.09.2023 00:00;186;6;1,8
Spørteggbu;SN55425;23.09.2023 01:00;205;6,5;1,8
Spørteggbu;SN55425;23.09.2023 02:00;211;5,9;1,9
Spørteggbu;SN55425;23.09.2023 03:00;197;7,4;1,5
Spørteggbu;SN55425;23.09.2023 04:00;208;11,5;1,2
Spørteggbu;SN55425;23.09.2023 05:00;197;7,6;1,1
Spørteggbu;SN55425;23.09.2023 06:00;206;7,1;1,2
Spørteggbu;SN55425;23.09.2023 07:00;231;6,4;1,3
Spørteggbu;SN55425;23.09.2023 08:00;202;9,2;1,3
Spørteggbu;SN55425;23.09.2023 09:00;199;10,4;1,3
Spørteggbu;SN55425;23.09.2023 10:00;217;8,3;1,5
Spørteggbu;SN55425;23.09.2023 11:00;211;5,8;1,5
Spørteggbu;SN55425;23.09.2023 12:00;223;6,3;1,6
Spørteggbu;SN55425;23.09.2023 13:00;241;6,3;2
Spørteggbu;SN55425;23.09.2023 14:00;260;4,9;1,8
Spørteggbu;SN55425;23.09.2023 15:00;273;8,1;1,6
Spørteggbu;SN55425;23.09.2023 16:00;267;7,8;1,7
Spørteggbu;SN55425;23.09.2023 17:00;269;8,2;1,2
Spørteggbu;SN55425;23.09.2023 18:00;286;5,7;0,8
Spørteggbu;SN55425;23.09.2023 19:00;262;6,9;0,5
Spørteggbu;SN55425;23.09.2023 20:00;264;6,9;0,2
Spørteggbu;SN55425;23.09.2023 21:00;287;6,3;-0,2
Spørteggbu;SN55425;23.09.2023 22:00;267;5,4;-0,8
Spørteggbu;SN55425;23.09.2023 23:00;257;6,4;-1
Spørteggbu;SN55425;24.09.2023 00:00;275;8;-1,3
Spørteggbu;SN55425;24.09.2023 01:00;271;5,8;-1,4
Spørteggbu;SN55425;24.09.2023 02:00;296;6,5;-1,4
Spørteggbu;SN55425;24.09.2023 03:00;296;6,2;-1,6
Spørteggbu;SN55425;24.09.2023 04:00;286;5,4;-1,8
Spørteggbu;SN55425;24.09.2023 05:00;283;3,8;-1,9
Spørteggbu;SN55425;24.09.2023 06:00;264;3,3;-2,2
Spørteggbu;SN55425;24.09.2023 07:00;267;4,9;-2,4
Spørteggbu;SN55425;24.09.2023 08:00;238;4,9;-2,2
Spørteggbu;SN55425;24.09.2023 09:00;199;4,5;-2
Spørteggbu;SN55425;24.09.2023 10:00;198;4,2;-1,9
Spørteggbu;SN55425;24.09.2023 11:00;219;3,7;-1,7
Spørteggbu;SN55425;24.09.2023 12:00;202;5,6;-1,5
Spørteggbu;SN55425;24.09.2023 13:00;208;5,5;-1,2
Spørteggbu;SN55425;24.09.2023 14:00;171;6,8;-0,8
Spørteggbu;SN55425;24.09.2023 15:00;149;7,3;-0,5
Spørteggbu;SN55425;24.09.2023 16:00;174;9,2;0,3
Spørteggbu;SN55425;24.09.2023 17:00;183;9,3;0,7
Spørteggbu;SN55425;24.09.2023 18:00;162;11,5;0,8
Spørteggbu;SN55425;24.09.2023 19:00;173;10,7;1,1
Spørteggbu;SN55425;24.09.2023 20:00;173;8,4;2
Spørteggbu;SN55425;24.09.2023 21:00;180;13,5;2,8
Spørteggbu;SN55425;24.09.2023 22:00;168;11,1;3,2
Spørteggbu;SN55425;24.09.2023 23:00;159;10;3,8
Spørteggbu;SN55425;25.09.2023 00:00;154;10,2;4
Spørteggbu;SN55425;25.09.2023 01:00;157;11,6;4,5
Spørteggbu;SN55425;25.09.2023 02:00;164;11,7;4,7
Spørteggbu;SN55425;25.09.2023 03:00;162;13;4,8
Spørteggbu;SN55425;25.09.2023 04:00;168;12,1;5,2
Spørteggbu;SN55425;25.09.2023 05:00;172;12;5,6
Spørteggbu;SN55425;25.09.2023 06:00;167;13,8;5,6
Spørteggbu;SN55425;25.09.2023 07:00;198;13,3;5,2
Spørteggbu;SN55425;25.09.2023 08:00;199;12,6;4,7
Spørteggbu;SN55425;25.09.2023 09:00;198;12,2;4,4
Spørteggbu;SN55425;25.09.2023 10:00;203;14,1;4,4
Spørteggbu;SN55425;25.09.2023 11:00;251;12,1;4,7
Spørteggbu;SN55425;25.09.2023 12:00;246;14,3;5,2
Spørteggbu;SN55425;25.09.2023 13:00;224;9,2;5
Spørteggbu;SN55425;25.09.2023 14:00;212;8,9;4,9
Spørteggbu;SN55425;25.09.2023 15:00;227;7,6;4,7
Spørteggbu;SN55425;25.09.2023 16:00;249;10,7;4,8
Spørteggbu;SN55425;25.09.2023 17:00;237;6,9;4,1
Spørteggbu;SN55425;25.09.2023 18:00;225;8,6;4
Spørteggbu;SN55425;25.09.2023 19:00;214;9,4;3,9
Spørteggbu;SN55425;25.09.2023 20:00;204;10,2;3,9
Spørteggbu;SN55425;25.09.2023 21:00;237;8,8;3,8
Spørteggbu;SN55425;25.09.2023 22:00;222;8,7;3,4
Spørteggbu;SN55425;25.09.2023 23:00;232;9,7;4,1
Spørteggbu;SN55425;26.09.2023 00:00;238;11,9;4,2
Spørteggbu;SN55425;26.09.2023 01:00;234;7,1;3,9
Spørteggbu;SN55425;26.09.2023 02:00;191;10,3;3,6
Spørteggbu;SN55425;26.09.2023 03:00;201;8,7;3,3
Spørteggbu;SN55425;26.09.2023 04:00;240;9,9;3,4
Spørteggbu;SN55425;26.09.2023 05:00;258;8,1;3,3
Spørteggbu;SN55425;26.09.2023 06:00;264;11,2;3,5
Spørteggbu;SN55425;26.09.2023 07:00;235;5,7;3,1
Spørteggbu;SN55425;26.09.2023 08:00;245;8,6;3,2
Spørteggbu;SN55425;26.09.2023 09:00;216;3;3,4
Spørteggbu;SN55425;26.09.2023 10:00;218;6,2;3,6
Spørteggbu;SN55425;26.09.2023 11:00;176;5,3;3,7
Spørteggbu;SN55425;26.09.2023 12:00;207;4,9;4,2
Spørteggbu;SN55425;26.09.2023 13:00;209;7,2;4,3
Spørteggbu;SN55425;26.09.2023 14:00;172;6,4;4,3
Spørteggbu;SN55425;26.09.2023 15:00;172;7,3;4,5
Spørteggbu;SN55425;26.09.2023 16:00;167;7,9;4,8
Spørteggbu;SN55425;26.09.2023 17:00;187;6;4,8
Spørteggbu;SN55425;26.09.2023 18:00;181;9,3;4,8
Spørteggbu;SN55425;26.09.2023 19:00;160;9,6;4,7
Spørteggbu;SN55425;26.09.2023 20:00;159;10,1;4,6
Spørteggbu;SN55425;26.09.2023 21:00;160;10;4,4
Spørteggbu;SN55425;26.09.2023 22:00;171;10,3;4,2
Spørteggbu;SN55425;26.09.2023 23:00;175;9,7;4,3
Spørteggbu;SN55425;27.09.2023 00:00;163;10,5;4,5
Spørteggbu;SN55425;27.09.2023 01:00;169;12,1;4,6
Spørteggbu;SN55425;27.09.2023 02:00;161;11,1;3,7
Spørteggbu;SN55425;27.09.2023 03:00;153;10,8;3,5
Spørteggbu;SN55425;27.09.2023 04:00;186;9,3;4,1
Spørteggbu;SN55425;27.09.2023 05:00;190;11;4,4
Spørteggbu;SN55425;27.09.2023 06:00;203;10,2;4,5
Spørteggbu;SN55425;27.09.2023 07:00;198;8,8;4
Spørteggbu;SN55425;27.09.2023 08:00;252;8;3,5
Spørteggbu;SN55425;27.09.2023 09:00;250;5,3;2,9
Spørteggbu;SN55425;27.09.2023 10:00;274;10,4;1,9
Spørteggbu;SN55425;27.09.2023 11:00;269;7,3;2,4
Spørteggbu;SN55425;27.09.2023 12:00;245;6,5;3,1
Spørteggbu;SN55425;27.09.2023 13:00;270;6,5;2
Spørteggbu;SN55425;27.09.2023 14:00;278;4,7;2,3
Spørteggbu;SN55425;27.09.2023 15:00;271;6,8;2,4
Spørteggbu;SN55425;27.09.2023 16:00;265;6,1;2,6
Spørteggbu;SN55425;27.09.2023 17:00;269;6,7;2,6
Spørteggbu;SN55425;27.09.2023 18:00;220;5,2;2,6
Spørteggbu;SN55425;27.09.2023 19:00;210;6,3;2,5
Spørteggbu;SN55425;27.09.2023 20:00;202;5;2,5
Spørteggbu;SN55425;27.09.2023 21:00;190;5,9;2,5
Spørteggbu;SN55425;27.09.2023 22:00;180;4,9;2,4
Spørteggbu;SN55425;27.09.2023 23:00;141;6,3;2,2
Spørteggbu;SN55425;28.09.2023 00:00;168;7,7;2,6
Spørteggbu;SN55425;28.09.2023 01:00;157;5,6;2,8
Spørteggbu;SN55425;28.09.2023 02:00;164;8,6;3,1
Spørteggbu;SN55425;28.09.2023 03:00;129;8,6;3
Spørteggbu;SN55425;28.09.2023 04:00;128;11,7;3,2
Spørteggbu;SN55425;28.09.2023 05:00;142;11,3;3,6
Spørteggbu;SN55425;28.09.2023 06:00;142;11,9;4,2
Spørteggbu;SN55425;28.09.2023 07:00;141;14,7;4,1
Spørteggbu;SN55425;28.09.2023 08:00;156;13,5;4,5
Spørteggbu;SN55425;28.09.2023 09:00;134;15,2;4,1
Spørteggbu;SN55425;28.09.2023 10:00;140;19,1;4,6
Spørteggbu;SN55425;28.09.2023 11:00;135;20,1;4,7
Spørteggbu;SN55425;28.09.2023 12:00;155;22,5;5,2
Spørteggbu;SN55425;28.09.2023 13:00;157;16,3;5,1
Spørteggbu;SN55425;28.09.2023 14:00;155;15,1;5,5
Spørteggbu;SN55425;28.09.2023 15:00;210;15,3;5,9
Spørteggbu;SN55425;28.09.2023 16:00;209;15,7;5,8
Spørteggbu;SN55425;28.09.2023 17:00;224;8,1;5,8
Spørteggbu;SN55425;28.09.2023 18:00;242;13,4;5,5
Spørteggbu;SN55425;28.09.2023 19:00;249;14,1;5,3
Spørteggbu;SN55425;28.09.2023 20:00;243;11,9;5,3
Spørteggbu;SN55425;28.09.2023 21:00;246;8,3;5,3
Spørteggbu;SN55425;28.09.2023 22:00;233;8,3;5,3
Spørteggbu;SN55425;28.09.2023 23:00;205;12,1;5,1
Spørteggbu;SN55425;29.09.2023 00:00;243;9,5;5,1
Spørteggbu;SN55425;29.09.2023 01:00;242;11;4,5
Spørteggbu;SN55425;29.09.2023 02:00;235;7,1;4,2
Spørteggbu;SN55425;29.09.2023 03:00;225;7,7;4,1
Spørteggbu;SN55425;29.09.2023 04:00;214;7,7;3,4
Spørteggbu;SN55425;29.09.2023 05:00;207;9;3,3
Spørteggbu;SN55425;29.09.2023 06:00;203;9,1;3,2
Spørteggbu;SN55425;29.09.2023 07:00;193;7,4;3
Spørteggbu;SN55425;29.09.2023 08:00;181;7,2;2,9
Spørteggbu;SN55425;29.09.2023 09:00;210;9,1;2,4
Spørteggbu;SN55425;29.09.2023 10:00;204;8,3;2,6
Spørteggbu;SN55425;29.09.2023 11:00;206;9,5;2,7
Spørteggbu;SN55425;29.09.2023 12:00;201;10,3;2,9
Spørteggbu;SN55425;29.09.2023 13:00;210;10,7;2,7
Spørteggbu;SN55425;29.09.2023 14:00;174;8,2;2,6
Spørteggbu;SN55425;29.09.2023 15:00;199;12,5;2,7
Spørteggbu;SN55425;29.09.2023 16:00;252;7;2,8
Spørteggbu;SN55425;29.09.2023 17:00;242;7,7;2,6
Spørteggbu;SN55425;29.09.2023 18:00;241;7,6;2,4
Spørteggbu;SN55425;29.09.2023 19:00;216;7,5;1,9
Spørteggbu;SN55425;29.09.2023 20:00;211;9,5;1,9
Spørteggbu;SN55425;29.09.2023 21:00;211;10,2;1,8
Spørteggbu;SN55425;29.09.2023 22:00;202;9,5;1,6
Spørteggbu;SN55425;29.09.2023 23:00;209;10;0,6
Spørteggbu;SN55425;30.09.2023 00:00;229;6,9;0,7
Spørteggbu;SN55425;30.09.2023 01:00;238;4,6;1
Spørteggbu;SN55425;30.09.2023 02:00;221;7,6;0,4
Spørteggbu;SN55425;30.09.2023 03:00;219;5,6;0,5
Spørteggbu;SN55425;30.09.2023 04:00;203;5,9;0,6
Spørteggbu;SN55425;30.09.2023 05:00;242;4;0,3
Spørteggbu;SN55425;30.09.2023 06:00;264;5,3;0,1
Spørteggbu;SN55425;30.09.2023 07:00;252;3,9;0
Spørteggbu;SN55425;30.09.2023 08:00;295;5,3;-0,2
Spørteggbu;SN55425;30.09.2023 09:00;324;6,2;0,2
Spørteggbu;SN55425;30.09.2023 10:00;309;5,6;0,8
Spørteggbu;SN55425;30.09.2023 11:00;297;4,2;0,9
Spørteggbu;SN55425;30.09.2023 12:00;335;9,1;1,4
Spørteggbu;SN55425;30.09.2023 13:00;297;4,1;1,8
Spørteggbu;SN55425;30.09.2023 14:00;296;5,2;1,8
Spørteggbu;SN55425;30.09.2023 15:00;306;5,4;1,8
Spørteggbu;SN55425;30.09.2023 16:00;315;8,1;1,8
Spørteggbu;SN55425;30.09.2023 17:00;307;6;1,9
Spørteggbu;SN55425;30.09.2023 18:00;320;6;1,9
Spørteggbu;SN55425;30.09.2023 19:00;332;8,8;1,7
Spørteggbu;SN55425;30.09.2023 20:00;338;8,3;1,8
Spørteggbu;SN55425;30.09.2023 21:00;316;6,7;1,9
Spørteggbu;SN55425;30.09.2023 22:00;332;9,1;1,5
Spørteggbu;SN55425;30.09.2023 23:00;335;7,6;1,1
Spørteggbu;SN55425;01.10.2023 00:00;323;7,1;0,5
Spørteggbu;SN55425;01.10.2023 01:00;329;6,6;-0,1
Spørteggbu;SN55425;01.10.2023 02:00;309;5,5;-0,4
Spørteggbu;SN55425;01.10.2023 03:00;299;5,1;-0,6
Spørteggbu;SN55425;01.10.2023 04:00;312;5,6;-0,9
Spørteggbu;SN55425;01.10.2023 05:00;351;3,2;-1,1
Spørteggbu;SN55425;01.10.2023 06:00;346;3;-1,1
Spørteggbu;SN55425;01.10.2023 07:00;330;2,5;-1,2
Spørteggbu;SN55425;01.10.2023 08:00;290;0,6;-1,3
Spørteggbu;SN55425;01.10.2023 09:00;289;0,5;-1,3
Spørteggbu;SN55425;01.10.2023 10:00;287;0,6;-0,9
Spørteggbu;SN55425;01.10.2023 11:00;0;0;-0,5
Spørteggbu;SN55425;01.10.2023 12:00;123;0,9;-0,6
Spørteggbu;SN55425;01.10.2023 13:00;107;1,6;-0,4
Spørteggbu;SN55425;01.10.2023 14:00;207;1,7;0,1
Spørteggbu;SN55425;01.10.2023 15:00;119;3;-0,4
Spørteggbu;SN55425;01.10.2023 16:00;137;2,8;-0,1
Spørteggbu;SN55425;01.10.2023 17:00;172;4,8;0,3
Spørteggbu;SN55425;01.10.2023 18:00;196;6,2;1,2
Spørteggbu;SN55425;01.10.2023 19:00;172;5;1,4
Spørteggbu;SN55425;01.10.2023 20:00;151;2,5;1,5
Spørteggbu;SN55425;01.10.2023 21:00;187;5,5;1,5
Spørteggbu;SN55425;01.10.2023 22:00;169;9,8;0,4
Spørteggbu;SN55425;01.10.2023 23:00;168;4,6;0,8
Spørteggbu;SN55425;02.10.2023 00:00;213;6,2;2,4
Spørteggbu;SN55425;02.10.2023 01:00;239;5,5;2,3
Spørteggbu;SN55425;02.10.2023 02:00;281;7,4;2,1
Spørteggbu;SN55425;02.10.2023 03:00;290;6,2;1,9
Spørteggbu;SN55425;02.10.2023 04:00;281;5,1;1,7
Spørteggbu;SN55425;02.10.2023 05:00;275;4;1,4
Spørteggbu;SN55425;02.10.2023 06:00;267;4,9;0,8
Spørteggbu;SN55425;02.10.2023 07:00;273;6,4;0
Spørteggbu;SN55425;02.10.2023 08:00;268;6,5;-0,1
Spørteggbu;SN55425;02.10.2023 09:00;266;5,1;0,2
Spørteggbu;SN55425;02.10.2023 10:00;241;4,2;0,7
Spørteggbu;SN55425;02.10.2023 11:00;247;6,3;1,2
Spørteggbu;SN55425;02.10.2023 12:00;242;4,9;1,1
Spørteggbu;SN55425;02.10.2023 13:00;235;6,5;1,2
Spørteggbu;SN55425;02.10.2023 14:00;246;6,9;1,3
Spørteggbu;SN55425;02.10.2023 15:00;218;5,5;1
Spørteggbu;SN55425;02.10.2023 16:00;309;5,9;0,1
Spørteggbu;SN55425;02.10.2023 17:00;242;5,7;0,5
Spørteggbu;SN55425;02.10.2023 18:00;264;1,8;-0,1
Spørteggbu;SN55425;02.10.2023 19:00;224;5,1;0,2
Spørteggbu;SN55425;02.10.2023 20:00;246;5,8;0,3
Spørteggbu;SN55425;02.10.2023 21:00;264;6,4;0,1
Spørteggbu;SN55425;02.10.2023 22:00;256;6,1;0,1
Spørteggbu;SN55425;02.10.2023 23:00;244;8,5;0,2
Spørteggbu;SN55425;03.10.2023 00:00;228;5,8;0
Spørteggbu;SN55425;03.10.2023 01:00;251;7,5;0,2
Spørteggbu;SN55425;03.10.2023 02:00;252;7,1;0,1
Spørteggbu;SN55425;03.10.2023 03:00;264;7,1;-0,1
Spørteggbu;SN55425;03.10.2023 04:00;268;9,3;-0,1
Spørteggbu;SN55425;03.10.2023 05:00;260;6,6;-0,2
Spørteggbu;SN55425;03.10.2023 06:00;221;4,2;-0,5
Spørteggbu;SN55425;03.10.2023 07:00;229;7,4;-0,3
Spørteggbu;SN55425;03.10.2023 08:00;238;5,6;-0,4
Spørteggbu;SN55425;03.10.2023 09:00;223;6,2;-0,1
Spørteggbu;SN55425;03.10.2023 10:00;236;5,3;0,1
Spørteggbu;SN55425;03.10.2023 11:00;225;4,9;0,6
Spørteggbu;SN55425;03.10.2023 12:00;254;4;0,9
Spørteggbu;SN55425;03.10.2023 13:00;208;6,8;0,6
Spørteggbu;SN55425;03.10.2023 14:00;249;6;1,1
Spørteggbu;SN55425;03.10.2023 15:00;261;4,9;0,7
Spørteggbu;SN55425;03.10.2023 16:00;271;8,6;0,4
Spørteggbu;SN55425;03.10.2023 17:00;250;5,5;0,5
Spørteggbu;SN55425;03.10.2023 18:00;221;7,1;0,1
Spørteggbu;SN55425;03.10.2023 19:00;221;7,1;-0,1
Spørteggbu;SN55425;03.10.2023 20:00;258;6,6;-0,3
Spørteggbu;SN55425;03.10.2023 21:00;232;3,9;-0,4
Spørteggbu;SN55425;03.10.2023 22:00;276;6,9;-0,5
Spørteggbu;SN55425;03.10.2023 23:00;279;6;-0,8
Spørteggbu;SN55425;04.10.2023 00:00;298;4,8;-0,8
Spørteggbu;SN55425;04.10.2023 01:00;290;4,6;-0,9
Spørteggbu;SN55425;04.10.2023 02:00;282;5,8;-0,9
Spørteggbu;SN55425;04.10.2023 03:00;295;5;-0,9
Spørteggbu;SN55425;04.10.2023 04:00;283;7,3;-1,1
Spørteggbu;SN55425;04.10.2023 05:00;310;5,4;-1,2
Spørteggbu;SN55425;04.10.2023 06:00;299;5,1;-1,2
Spørteggbu;SN55425;04.10.2023 07:00;304;4,1;-1,2
Spørteggbu;SN55425;04.10.2023 08:00;289;6,3;-1
Spørteggbu;SN55425;04.10.2023 09:00;302;4,9;-0,9
Spørteggbu;SN55425;04.10.2023 10:00;328;5,1;-0,8
Spørteggbu;SN55425;04.10.2023 11:00;305;6,1;-0,6
Spørteggbu;SN55425;04.10.2023 12:00;318;8,8;-0,5
Spørteggbu;SN55425;04.10.2023 13:00;294;7,2;-0,3
Spørteggbu;SN55425;04.10.2023 14:00;293;6,7;-0,1
Spørteggbu;SN55425;04.10.2023 15:00;300;4,2;-0,3
Spørteggbu;SN55425;04.10.2023 16:00;285;3,7;0,1
Spørteggbu;SN55425;04.10.2023 17:00;280;4;-0,3
Spørteggbu;SN55425;04.10.2023 18:00;301;3,4;-0,7
Spørteggbu;SN55425;04.10.2023 19:00;330;2,1;-1
Spørteggbu;SN55425;04.10.2023 20:00;338;0,9;-1
Spørteggbu;SN55425;04.10.2023 21:00;282;0,3;-1,2
Spørteggbu;SN55425;04.10.2023 22:00;360;0,5;-1,6
Spørteggbu;SN55425;04.10.2023 23:00;360;1;-1,8
Spørteggbu;SN55425;05.10.2023 00:00;360;1,4;-2
Spørteggbu;SN55425;05.10.2023 01:00;6;2,5;-1,9
Spørteggbu;SN55425;05.10.2023 02:00;360;4,1;-1,9
Spørteggbu;SN55425;05.10.2023 03:00;5;2,5;-1,9
Spørteggbu;SN55425;05.10.2023 04:00;360;2,9;-2,3
Spørteggbu;SN55425;05.10.2023 05:00;3;1,4;-2,4
Spørteggbu;SN55425;05.10.2023 06:00;360;0,9;-2,5
Spørteggbu;SN55425;05.10.2023 07:00;334;1,6;-2,7
Spørteggbu;SN55425;05.10.2023 08:00;360;3,4;-2,7
Spørteggbu;SN55425;05.10.2023 09:00;260;0,9;-1,5
Spørteggbu;SN55425;05.10.2023 10:00;283;1,6;-1,8
Spørteggbu;SN55425;05.10.2023 11:00;274;1,2;-1
Spørteggbu;SN55425;05.10.2023 12:00;280;3,4;-1,2
Spørteggbu;SN55425;05.10.2023 13:00;297;3,7;-1,2
Spørteggbu;SN55425;05.10.2023 14:00;271;3,7;-0,8
Spørteggbu;SN55425;05.10.2023 15:00;284;3,8;-0,7
Spørteggbu;SN55425;05.10.2023 16:00;289;4;-0,6
Spørteggbu;SN55425;05.10.2023 17:00;289;2,3;-1,1
Spørteggbu;SN55425;05.10.2023 18:00;274;1;-1,6
Spørteggbu;SN55425;05.10.2023 19:00;260;3,1;-1,4
Spørteggbu;SN55425;05.10.2023 20:00;223;3,5;-1,7
Spørteggbu;SN55425;05.10.2023 21:00;222;3,1;-1,7
Spørteggbu;SN55425;05.10.2023 22:00;201;4;-1,8
Spørteggbu;SN55425;05.10.2023 23:00;201;4,9;-1,6
Spørteggbu;SN55425;06.10.2023 00:00;210;5,2;-1,5
Spørteggbu;SN55425;06.10.2023 01:00;197;4,5;-1,7
Spørteggbu;SN55425;06.10.2023 02:00;196;4,7;-1,6
Spørteggbu;SN55425;06.10.2023 03:00;162;5,7;-1,9
Spørteggbu;SN55425;06.10.2023 04:00;136;6,1;-1,9
Spørteggbu;SN55425;06.10.2023 05:00;111;6,1;-2
Spørteggbu;SN55425;06.10.2023 06:00;123;7,6;-2,1
Spørteggbu;SN55425;06.10.2023 07:00;119;6,4;-1,9
Spørteggbu;SN55425;06.10.2023 08:00;122;7,6;-1,8
Spørteggbu;SN55425;06.10.2023 09:00;132;7,7;-1,7
Spørteggbu;SN55425;06.10.2023 10:00;135;7,4;-1,6
Spørteggbu;SN55425;06.10.2023 11:00;149;6,2;-1
Spørteggbu;SN55425;06.10.2023 12:00;175;6,9;-0,2
Spørteggbu;SN55425;06.10.2023 13:00;254;6;0,3
Spørteggbu;SN55425;06.10.2023 14:00;263;7,8;0,7
Spørteggbu;SN55425;06.10.2023 15:00;354;4,1;-0,1
Spørteggbu;SN55425;06.10.2023 16:00;357;7,1;-1,3
Spørteggbu;SN55425;06.10.2023 17:00;360;11,6;-2,3
Spørteggbu;SN55425;06.10.2023 18:00;360;9,5;-2,5
Spørteggbu;SN55425;06.10.2023 19:00;358;8,5;-2,7
Spørteggbu;SN55425;06.10.2023 20:00;360;6,9;-2,6
Spørteggbu;SN55425;06.10.2023 21:00;348;5;-2,7
Spørteggbu;SN55425;06.10.2023 22:00;347;6,2;-3,5
Spørteggbu;SN55425;06.10.2023 23:00;344;7,2;-4,4
Spørteggbu;SN55425;07.10.2023 00:00;360;8,1;-5,6
Spørteggbu;SN55425;07.10.2023 01:00;359;7,4;-6
Spørteggbu;SN55425;07.10.2023 02:00;349;6,7;-6
Spørteggbu;SN55425;07.10.2023 03:00;358;3,9;-5,8
Spørteggbu;SN55425;07.10.2023 04:00;337;6,2;-5,7
Spørteggbu;SN55425;07.10.2023 05:00;322;4,6;-5,6
Spørteggbu;SN55425;07.10.2023 06:00;346;6,3;-5,8
Spørteggbu;SN55425;07.10.2023 07:00;354;7;-6
Spørteggbu;SN55425;07.10.2023 08:00;339;4,5;-6,1
Spørteggbu;SN55425;07.10.2023 09:00;351;5,1;-6
Spørteggbu;SN55425;07.10.2023 10:00;357;6,1;-5,9
Spørteggbu;SN55425;07.10.2023 11:00;349;8;-5,9
Spørteggbu;SN55425;07.10.2023 12:00;349;6,8;-6,1
Spørteggbu;SN55425;07.10.2023 13:00;356;7,6;-5,9
Spørteggbu;SN55425;07.10.2023 14:00;313;7,1;-6,2
Spørteggbu;SN55425;07.10.2023 15:00;343;9,3;-6,5
Spørteggbu;SN55425;07.10.2023 16:00;352;7,4;-6,2
Spørteggbu;SN55425;07.10.2023 17:00;337;7,4;-6,7
Spørteggbu;SN55425;07.10.2023 18:00;348;9,6;-6,8
Spørteggbu;SN55425;07.10.2023 19:00;347;6,8;-6,9
Spørteggbu;SN55425;07.10.2023 20:00;337;6,5;-6,9
Spørteggbu;SN55425;07.10.2023 21:00;360;8,7;-6,6
Spørteggbu;SN55425;07.10.2023 22:00;345;10,8;-6,3
Spørteggbu;SN55425;07.10.2023 23:00;345;8,6;-6,8
Spørteggbu;SN55425;08.10.2023 00:00;347;8,5;-6,7
Spørteggbu;SN55425;08.10.2023 01:00;350;9;-6,5
Spørteggbu;SN55425;08.10.2023 02:00;349;10,5;-6,4
Spørteggbu;SN55425;08.10.2023 03:00;356;9,7;-6,4
Spørteggbu;SN55425;08.10.2023 04:00;352;7;-6,4
Spørteggbu;SN55425;08.10.2023 05:00;360;8,2;-6,2
Spørteggbu;SN55425;08.10.2023 06:00;353;8,3;-6,2
Spørteggbu;SN55425;08.10.2023 07:00;350;6,1;-6,2
Spørteggbu;SN55425;08.10.2023 08:00;309;2,5;-6
Spørteggbu;SN55425;08.10.2023 09:00;320;4,6;-5,9
Spørteggbu;SN55425;08.10.2023 10:00;315;4,4;-5,6
Spørteggbu;SN55425;08.10.2023 11:00;314;3,8;-5,5
Spørteggbu;SN55425;08.10.2023 12:00;295;4,2;-5,3
Spørteggbu;SN55425;08.10.2023 13:00;315;4,7;-5,5
Spørteggbu;SN55425;08.10.2023 14:00;337;6,7;-5,7
Spørteggbu;SN55425;08.10.2023 15:00;330;4,1;-5,5
Spørteggbu;SN55425;08.10.2023 16:00;305;4,1;-5,1
Spørteggbu;SN55425;08.10.2023 17:00;321;4,9;-5,6
Spørteggbu;SN55425;08.10.2023 18:00;290;3,8;-5,6
Spørteggbu;SN55425;08.10.2023 19:00;273;4,5;-5,6
Spørteggbu;SN55425;08.10.2023 20:00;292;4,7;-5,8
Spørteggbu;SN55425;08.10.2023 21:00;319;3,2;-6,2
Spørteggbu;SN55425;08.10.2023 22:00;335;4,1;-6,2
Spørteggbu;SN55425;08.10.2023 23:00;315;4,1;-6,3
Spørteggbu;SN55425;09.10.2023 00:00;334;3,6;-6,2
Spørteggbu;SN55425;09.10.2023 01:00;307;3,3;-6,3
Spørteggbu;SN55425;09.10.2023 02:00;333;3,5;-6,7
Spørteggbu;SN55425;09.10.2023 03:00;326;3,3;-6,7
Spørteggbu;SN55425;09.10.2023 04:00;336;2,9;-7,2
Spørteggbu;SN55425;09.10.2023 05:00;354;2,2;-7,7
Spørteggbu;SN55425;09.10.2023 06:00;339;3;-7,5
Spørteggbu;SN55425;09.10.2023 07:00;360;3,4;-7,8
Spørteggbu;SN55425;09.10.2023 08:00;360;3,2;-6,9
Spørteggbu;SN55425;09.10.2023 09:00;305;2;-6,5
Spørteggbu;SN55425;09.10.2023 10:00;307;1,6;-5,4
Spørteggbu;SN55425;09.10.2023 11:00;307;1,3;-5,9
Spørteggbu;SN55425;09.10.2023 12:00;116;3;-6,2
Spørteggbu;SN55425;09.10.2023 13:00;161;1;-5,7
Spørteggbu;SN55425;09.10.2023 14:00;240;1,6;-5,2
Spørteggbu;SN55425;09.10.2023 15:00;273;3,5;-4,6
Spørteggbu;SN55425;09.10.2023 16:00;283;3,4;-4,3
Spørteggbu;SN55425;09.10.2023 17:00;245;3,2;-4,2
Spørteggbu;SN55425;09.10.2023 18:00;240;3,8;-4,1
Spørteggbu;SN55425;09.10.2023 19:00;256;3,7;-4,1
Spørteggbu;SN55425;09.10.2023 20:00;252;4,9;-3,6
Spørteggbu;SN55425;09.10.2023 21:00;255;4,5;-3,3
Spørteggbu;SN55425;09.10.2023 22:00;260;7;-2,8
Spørteggbu;SN55425;09.10.2023 23:00;261;5,6;-2,5
Spørteggbu;SN55425;10.10.2023 00:00;235;5,5;-2,3
Spørteggbu;SN55425;10.10.2023 01:00;268;7,4;-2,3
Spørteggbu;SN55425;10.10.2023 02:00;265;5,1;-2,1
Spørteggbu;SN55425;10.10.2023 03:00;266;7,3;-1,6
Spørteggbu;SN55425;10.10.2023 04:00;249;7;-1,6
Spørteggbu;SN55425;10.10.2023 05:00;264;9;-1,7
Spørteggbu;SN55425;10.10.2023 06:00;250;7,6;-1,7
Spørteggbu;SN55425;10.10.2023 07:00;236;8,3;-1,3
Spørteggbu;SN55425;10.10.2023 08:00;230;6,9;-1,1
Spørteggbu;SN55425;10.10.2023 09:00;201;5,6;-1,3
Spørteggbu;SN55425;10.10.2023 10:00;197;6,3;-1,1
Spørteggbu;SN55425;10.10.2023 11:00;176;5;-1
Spørteggbu;SN55425;10.10.2023 12:00;191;1,7;-0,6
Spørteggbu;SN55425;10.10.2023 13:00;163;2;-0,5
Spørteggbu;SN55425;10.10.2023 14:00;173;1,5;0
Spørteggbu;SN55425;10.10.2023 15:00;183;12,6;0,9
Spørteggbu;SN55425;10.10.2023 16:00;183;11,4;1,6
Spørteggbu;SN55425;10.10.2023 17:00;199;14,3;2,5
Spørteggbu;SN55425;10.10.2023 18:00;208;13,2;2,8
Spørteggbu;SN55425;10.10.2023 19:00;236;12,1;3,2
Spørteggbu;SN55425;10.10.2023 20:00;270;10,6;3,3
Spørteggbu;SN55425;10.10.2023 21:00;254;13,1;3,6
Spørteggbu;SN55425;10.10.2023 22:00;268;17,2;3,4
Spørteggbu;SN55425;10.10.2023 23:00;278;10,5;2,7
Spørteggbu;SN55425;11.10.2023 00:00;275;14,5;2,3
Spørteggbu;SN55425;11.10.2023 01:00;275;12,4;1,5
Spørteggbu;SN55425;11.10.2023 02:00;275;12,1;0,1
Spørteggbu;SN55425;11.10.2023 03:00;278;13,4;-1,6
Spørteggbu;SN55425;11.10.2023 04:00;267;9,9;-2,6
Spørteggbu;SN55425;11.10.2023 05:00;235;7,4;-3
Spørteggbu;SN55425;11.10.2023 06:00;227;7,7;-3,2
Spørteggbu;SN55425;11.10.2023 07:00;192;6,7;-3,4
Spørteggbu;SN55425;11.10.2023 08:00;218;6,5;-3,1
Spørteggbu;SN55425;11.10.2023 09:00;205;6,8;-3
Spørteggbu;SN55425;11.10.2023 10:00;222;5,4;-3
Spørteggbu;SN55425;11.10.2023 11:00;249;4,1;-3,2
Spørteggbu;SN55425;11.10.2023 12:00;254;11,7;-3,5
Spørteggbu;SN55425;11.10.2023 13:00;258;8,5;-3,2
Spørteggbu;SN55425;11.10.2023 14:00;260;12,8;-4
Spørteggbu;SN55425;11.10.2023 15:00;232;8,1;-3,7
Spørteggbu;SN55425;11.10.2023 16:00;202;13,8;-3,9
Spørteggbu;SN55425;11.10.2023 17:00;204;12,7;-3,9
Spørteggbu;SN55425;11.10.2023 18:00;280;12,1;-3,8
Spørteggbu;SN55425;11.10.2023 19:00;295;14,6;-3,9
Spørteggbu;SN55425;11.10.2023 20:00;341;11;-5,3
Spørteggbu;SN55425;11.10.2023 21:00;326;9,3;-5,4
Spørteggbu;SN55425;11.10.2023 22:00;318;4,4;-5,3
Spørteggbu;SN55425;11.10.2023 23:00;263;5,8;-5
Spørteggbu;SN55425;12.10.2023 00:00;292;5,3;-4,7
Spørteggbu;SN55425;12.10.2023 01:00;319;8,2;-4,1
Spørteggbu;SN55425;12.10.2023 02:00;331;9,7;-3,5
Spørteggbu;SN55425;12.10.2023 03:00;325;8,4;-4,6
Spørteggbu;SN55425;12.10.2023 04:00;303;10;-3,8
Spørteggbu;SN55425;12.10.2023 05:00;314;10,6;-3,6
Spørteggbu;SN55425;12.10.2023 06:00;323;8,5;-3,6
Spørteggbu;SN55425;12.10.2023 07:00;331;7,1;-3,7
Spørteggbu;SN55425;12.10.2023 08:00;323;6,7;-3,7
Spørteggbu;SN55425;12.10.2023 09:00;322;5,9;-3,5
Spørteggbu;SN55425;12.10.2023 10:00;322;6,6;-3,3
Spørteggbu;SN55425;12.10.2023 11:00;333;6,3;-3,2
Spørteggbu;SN55425;12.10.2023 12:00;329;4,9;-3,2
Spørteggbu;SN55425;12.10.2023 13:00;315;7,1;-3,3
Spørteggbu;SN55425;12.10.2023 14:00;303;6,7;-3,5
Spørteggbu;SN55425;12.10.2023 15:00;329;8,7;-3,9
Spørteggbu;SN55425;12.10.2023 16:00;337;14,1;-4,4
Spørteggbu;SN55425;12.10.2023 17:00;291;5,9;-4,8
Spørteggbu;SN55425;12.10.2023 18:00;270;6,6;-4,9
Spørteggbu;SN55425;12.10.2023 19:00;283;8,3;-5,5
Spørteggbu;SN55425;12.10.2023 20:00;265;6,5;-5,4
Spørteggbu;SN55425;12.10.2023 21:00;258;8,1;-5,1
Spørteggbu;SN55425;12.10.2023 22:00;259;7,5;-4,9
Spørteggbu;SN55425;12.10.2023 23:00;217;6,2;-4,6
Spørteggbu;SN55425;13.10.2023 00:00;206;7,9;-4,4
Spørteggbu;SN55425;13.10.2023 01:00;182;8,6;-4,4
Spørteggbu;SN55425;13.10.2023 02:00;175;10,8;-4,2
Spørteggbu;SN55425;13.10.2023 03:00;169;9,9;-3,9
Spørteggbu;SN55425;13.10.2023 04:00;151;8,3;-3,7
Spørteggbu;SN55425;13.10.2023 05:00;157;8,7;-3,5
Spørteggbu;SN55425;13.10.2023 06:00;167;10;-3,1
Spørteggbu;SN55425;13.10.2023 07:00;167;9,2;-2,8
Spørteggbu;SN55425;13.10.2023 08:00;163;9,8;-2,6
Spørteggbu;SN55425;13.10.2023 09:00;171;10,6;-2,4
Spørteggbu;SN55425;13.10.2023 10:00;164;8,5;-2,3
Spørteggbu;SN55425;13.10.2023 11:00;161;9,3;-2,1
Spørteggbu;SN55425;13.10.2023 12:00;162;9,6;-1,8
Spørteggbu;SN55425;13.10.2023 13:00;161;9,4;-1,8
Spørteggbu;SN55425;13.10.2023 14:00;142;11;-1,6
Spørteggbu;SN55425;13.10.2023 15:00;137;9,6;-1,6
Spørteggbu;SN55425;13.10.2023 16:00;156;10,9;-1,6
Spørteggbu;SN55425;13.10.2023 17:00;164;10,2;-1,5
Spørteggbu;SN55425;13.10.2023 18:00;158;9,9;-1,3
Spørteggbu;SN55425;13.10.2023 19:00;190;7,9;-1,4
Spørteggbu;SN55425;13.10.2023 20:00;259;7,4;-2,3
Spørteggbu;SN55425;13.10.2023 21:00;201;10,4;-3,1
Spørteggbu;SN55425;13.10.2023 22:00;181;7,2;-3,2
Spørteggbu;SN55425;13.10.2023 23:00;171;9,6;-3,5
Spørteggbu;SN55425;14.10.2023 00:00;193;10,1;-3,5
Spørteggbu;SN55425;14.10.2023 01:00;205;10,3;-3,7
Spørteggbu;SN55425;14.10.2023 02:00;240;7,5;-4
Spørteggbu;SN55425;14.10.2023 03:00;209;10;-4,3
Spørteggbu;SN55425;14.10.2023 04:00;209;8,4;-4,5
Spørteggbu;SN55425;14.10.2023 05:00;214;8,3;-4,5
Spørteggbu;SN55425;14.10.2023 06:00;218;7,9;-4,6
Spørteggbu;SN55425;14.10.2023 07:00;261;6,8;-4,4
Spørteggbu;SN55425;14.10.2023 08:00;297;6,5;-4,5
Spørteggbu;SN55425;14.10.2023 09:00;300;6,2;-4,3
Spørteggbu;SN55425;14.10.2023 10:00;314;4,5;-3,9
Spørteggbu;SN55425;14.10.2023 11:00;286;3,7;-3,6
Spørteggbu;SN55425;14.10.2023 12:00;295;2,8;-3,3
Spørteggbu;SN55425;14.10.2023 13:00;291;3,9;-3,4
Spørteggbu;SN55425;14.10.2023 14:00;300;2,7;-2,9
Spørteggbu;SN55425;14.10.2023 15:00;313;3,4;-3,2
Spørteggbu;SN55425;14.10.2023 16:00;338;8,4;-3,1
Spørteggbu;SN55425;14.10.2023 17:00;320;9,6;-3,4
Spørteggbu;SN55425;14.10.2023 18:00;322;8,7;-3,4
Spørteggbu;SN55425;14.10.2023 19:00;359;10,6;-3,4
Spørteggbu;SN55425;14.10.2023 20:00;359;10,3;-3,6
Spørteggbu;SN55425;14.10.2023 21:00;360;12,5;-3,8
Spørteggbu;SN55425;14.10.2023 22:00;360;12,9;-4,1
Spørteggbu;SN55425;14.10.2023 23:00;356;11,7;-4,7
Spørteggbu;SN55425;15.10.2023 00:00;352;12,9;-5
Spørteggbu;SN55425;15.10.2023 01:00;355;11,4;-5
Spørteggbu;SN55425;15.10.2023 02:00;359;12;-5,1
Spørteggbu;SN55425;15.10.2023 03:00;359;8,8;-5,1
Spørteggbu;SN55425;15.10.2023 04:00;342;9,7;-5,3
Spørteggbu;SN55425;15.10.2023 05:00;356;10,7;-5,5
Spørteggbu;SN55425;15.10.2023 06:00;356;9;-5,5
Spørteggbu;SN55425;15.10.2023 07:00;347;5,9;-5,5
Spørteggbu;SN55425;15.10.2023 08:00;347;6,5;-5,4
Spørteggbu;SN55425;15.10.2023 09:00;360;6;-5,5
Spørteggbu;SN55425;15.10.2023 10:00;352;6,1;-5,5
Spørteggbu;SN55425;15.10.2023 11:00;355;6,1;-5,5
Spørteggbu;SN55425;15.10.2023 12:00;353;5,4;-5,3
Spørteggbu;SN55425;15.10.2023 13:00;352;4;-5,3
Spørteggbu;SN55425;15.10.2023 14:00;324;3,2;-5,2
Spørteggbu;SN55425;15.10.2023 15:00;330;2,9;-5,2
Spørteggbu;SN55425;15.10.2023 16:00;290;2,5;-5,5
Spørteggbu;SN55425;15.10.2023 17:00;314;2,6;-5,8
Spørteggbu;SN55425;15.10.2023 18:00;342;2,9;-5,8
Spørteggbu;SN55425;15.10.2023 19:00;353;3,6;-5,9
Spørteggbu;SN55425;15.10.2023 20:00;348;2;-6,1
Spørteggbu;SN55425;15.10.2023 21:00;354;2,2;-6,1
Spørteggbu;SN55425;15.10.2023 22:00;329;2,2;-6,3
Spørteggbu;SN55425;15.10.2023 23:00;357;2,3;-6,5
Spørteggbu;SN55425;16.10.2023 00:00;353;2,1;-6,9
Spørteggbu;SN55425;16.10.2023 01:00;318;1,8;-7,5
Spørteggbu;SN55425;16.10.2023 02:00;306;2,1;-7,7
Spørteggbu;SN55425;16.10.2023 03:00;343;1,7;-7,6
Spørteggbu;SN55425;16.10.2023 04:00;321;2,1;-7,7
Spørteggbu;SN55425;16.10.2023 05:00;339;1;-7,8
Spørteggbu;SN55425;16.10.2023 06:00;323;1,6;-7,9
Spørteggbu;SN55425;16.10.2023 07:00;305;1,1;-7,8
Spørteggbu;SN55425;16.10.2023 08:00;285;1,5;-7,4
Spørteggbu;SN55425;16.10.2023 09:00;286;1,4;-6,7
Spørteggbu;SN55425;16.10.2023 10:00;272;1,6;-6,1
Spørteggbu;SN55425;16.10.2023 11:00;261;1,8;-5,4
Spørteggbu;SN55425;16.10.2023 12:00;261;2;-5
Spørteggbu;SN55425;16.10.2023 13:00;265;1,9;-4,6
Spørteggbu;SN55425;16.10.2023 14:00;265;3;-4,2
Spørteggbu;SN55425;16.10.2023 15:00;273;2,5;-3,9
Spørteggbu;SN55425;16.10.2023 16:00;273;2,8;-4
Spørteggbu;SN55425;16.10.2023 17:00;260;2,8;-4
Spørteggbu;SN55425;16.10.2023 18:00;255;2,7;-3,8
Spørteggbu;SN55425;16.10.2023 19:00;259;2,9;-3,6
Spørteggbu;SN55425;16.10.2023 20:00;257;3;-3,3
Spørteggbu;SN55425;16.10.2023 21:00;263;3,2;-3,1
Spørteggbu;SN55425;16.10.2023 22:00;270;3,1;-2,9
Spørteggbu;SN55425;16.10.2023 23:00;273;3,1;-2,9
Spørteggbu;SN55425;17.10.2023 00:00;274;3,1;-2,7
Spørteggbu;SN55425;17.10.2023 01:00;258;2,7;-2,5
Spørteggbu;SN55425;17.10.2023 02:00;259;2,8;-2,3
Spørteggbu;SN55425;17.10.2023 03:00;256;2,6;-2,2
Spørteggbu;SN55425;17.10.2023 04:00;253;2,5;-2,1
Spørteggbu;SN55425;17.10.2023 05:00;261;2,4;-2
Spørteggbu;SN55425;17.10.2023 06:00;276;1,8;-1,9
Spørteggbu;SN55425;17.10.2023 07:00;282;1,9;-1,8
Spørteggbu;SN55425;17.10.2023 08:00;294;1,8;-1,8
Spørteggbu;SN55425;17.10.2023 09:00;299;2,1;-1,5
Spørteggbu;SN55425;17.10.2023 10:00;352;8,4;-1,4
Spørteggbu;SN55425;17.10.2023 11:00;321;8,9;-1,2
Spørteggbu;SN55425;17.10.2023 12:00;334;10,7;-0,9
Spørteggbu;SN55425;17.10.2023 13:00;344;10,7;-2,2
Spørteggbu;SN55425;17.10.2023 14:00;324;13,2;-2,2
Spørteggbu;SN55425;17.10.2023 15:00;349;15;-3
Spørteggbu;SN55425;17.10.2023 16:00;328;11,1;-3
Spørteggbu;SN55425;17.10.2023 17:00;328;5,8;-2,9
Spørteggbu;SN55425;17.10.2023 18:00;360;4,1;-3
Spørteggbu;SN55425;17.10.2023 19:00;360;7,7;-3,3
Spørteggbu;SN55425;17.10.2023 20:00;349;6,3;-3,4
Spørteggbu;SN55425;17.10.2023 21:00;360;3;-3,4
Spørteggbu;SN55425;17.10.2023 22:00;359;1,6;-3,7
Spørteggbu;SN55425;17.10.2023 23:00;360;3,1;-4
Spørteggbu;SN55425;18.10.2023 00:00;360;2,2;-3,8
Spørteggbu;SN55425;18.10.2023 01:00;24;4,1;-4,4
Spørteggbu;SN55425;18.10.2023 02:00;360;3,2;-4,5
Spørteggbu;SN55425;18.10.2023 03:00;18;1,2;-5,4
Spørteggbu;SN55425;18.10.2023 04:00;46;2,7;-5,8
Spørteggbu;SN55425;18.10.2023 05:00;360;0,6;-6,2
Spørteggbu;SN55425;18.10.2023 06:00;73;3,5;-6,4
Spørteggbu;SN55425;18.10.2023 07:00;92;2,8;-6,1
Spørteggbu;SN55425;18.10.2023 08:00;79;3;-5,7
Spørteggbu;SN55425;18.10.2023 09:00;86;1,3;-5,6
Spørteggbu;SN55425;18.10.2023 10:00;108;3,3;-5,3
Spørteggbu;SN55425;18.10.2023 11:00;106;4;-5,2
Spørteggbu;SN55425;18.10.2023 12:00;126;4,5;-5,3
Spørteggbu;SN55425;18.10.2023 13:00;180;5,6;-4,9
Spørteggbu;SN55425;18.10.2023 14:00;149;2,2;-4,7
Spørteggbu;SN55425;18.10.2023 15:00;112;4,5;-5,8
Spørteggbu;SN55425;18.10.2023 16:00;109;5,7;-5,9
Spørteggbu;SN55425;18.10.2023 17:00;111;5,4;-6,1
Spørteggbu;SN55425;18.10.2023 18:00;103;5;-6,5
Spørteggbu;SN55425;18.10.2023 19:00;100;5;-6,4
Spørteggbu;SN55425;18.10.2023 20:00;94;6,5;-6,5
Spørteggbu;SN55425;18.10.2023 21:00;96;8,5;-6,5
Spørteggbu;SN55425;18.10.2023 22:00;108;7,9;-6,9
Spørteggbu;SN55425;18.10.2023 23:00;108;4,3;-7,2
Spørteggbu;SN55425;19.10.2023 00:00;109;5,4;-8,3
Spørteggbu;SN55425;19.10.2023 01:00;115;3,1;-8,3
Spørteggbu;SN55425;19.10.2023 02:00;95;5,5;-8,5
Spørteggbu;SN55425;19.10.2023 03:00;98;4,4;-9
Spørteggbu;SN55425;19.10.2023 04:00;119;4,7;-10,3
Spørteggbu;SN55425;19.10.2023 05:00;96;5,8;-9,2
Spørteggbu;SN55425;19.10.2023 06:00;103;9,2;-9,8
Spørteggbu;SN55425;19.10.2023 07:00;102;7,9;-9,6
Spørteggbu;SN55425;19.10.2023 08:00;107;8;-10,1
Spørteggbu;SN55425;19.10.2023 09:00;107;8,9;-9,4
Spørteggbu;SN55425;19.10.2023 10:00;120;9,1;-9,2
Spørteggbu;SN55425;19.10.2023 11:00;139;7,4;-9,2
Spørteggbu;SN55425;19.10.2023 12:00;111;6,6;-9,3
Spørteggbu;SN55425;19.10.2023 13:00;150;6;-9,2
Spørteggbu;SN55425;19.10.2023 14:00;127;9,2;-10,3
Spørteggbu;SN55425;19.10.2023 15:00;113;7,3;-10,9
Spørteggbu;SN55425;19.10.2023 16:00;105;10,5;-11,2
Spørteggbu;SN55425;19.10.2023 17:00;107;11,4;-11,3
Spørteggbu;SN55425;19.10.2023 18:00;119;13,6;-11,8
Spørteggbu;SN55425;19.10.2023 19:00;111;9,5;-11
Spørteggbu;SN55425;19.10.2023 20:00;109;13,8;-10,4
Spørteggbu;SN55425;19.10.2023 21:00;115;10,6;-11,5
Spørteggbu;SN55425;19.10.2023 22:00;121;6,8;-10,7
Spørteggbu;SN55425;19.10.2023 23:00;132;9,4;-10,7
Spørteggbu;SN55425;20.10.2023 00:00;131;10,7;-10,8
Spørteggbu;SN55425;20.10.2023 01:00;148;6,1;-11,2
Spørteggbu;SN55425;20.10.2023 02:00;121;12,8;-11,6
Spørteggbu;SN55425;20.10.2023 03:00;116;10;-12
Spørteggbu;SN55425;20.10.2023 04:00;111;11,5;-11,4
Spørteggbu;SN55425;20.10.2023 05:00;100;9,5;-11,6
Spørteggbu;SN55425;20.10.2023 06:00;114;5,4;-12
Spørteggbu;SN55425;20.10.2023 07:00;105;7,9;-12,2
Spørteggbu;SN55425;20.10.2023 08:00;129;9,1;-11,9
Spørteggbu;SN55425;20.10.2023 09:00;130;7,9;-11,8
Spørteggbu;SN55425;20.10.2023 10:00;156;5,6;-11,1
Spørteggbu;SN55425;20.10.2023 11:00;164;5,4;-10,6
Spørteggbu;SN55425;20.10.2023 12:00;145;6,5;-10,3
Spørteggbu;SN55425;20.10.2023 13:00;110;3,9;-10,3
Spørteggbu;SN55425;20.10.2023 14:00;104;12,1;-9,6
Spørteggbu;SN55425;20.10.2023 15:00;100;14,6;-9,7
Spørteggbu;SN55425;20.10.2023 16:00;116;9,5;-10,2
Spørteggbu;SN55425;20.10.2023 17:00;102;12,6;-9,5
Spørteggbu;SN55425;20.10.2023 18:00;86;11,2;-9,9
Spørteggbu;SN55425;20.10.2023 19:00;93;6,3;-9,5
Spørteggbu;SN55425;20.10.2023 20:00;36;3,6;-10
Spørteggbu;SN55425;20.10.2023 21:00;104;17;-9,5
Spørteggbu;SN55425;20.10.2023 22:00;83;15,4;-9,7
Spørteggbu;SN55425;20.10.2023 23:00;97;22,8;-9,6
Spørteggbu;SN55425;21.10.2023 00:00;110;15,6;-10,1
Data er gyldig per 15.11.2023 (CC BY 4.0), Meteorologisk institutt (MET);;;;;
